ARREST_KEY,ARREST_DATE,PD_CD,PD_DESC,KY_CD,OFNS_DESC,LAW_CODE,LAW_CAT_CD,ARREST_BORO,ARREST_PRECINCT,JURISDICTION_CODE,AGE_GROUP,PERP_SEX,PERP_RACE
189797412,11/9/18,475,,,,PL 1651601,M,M,28,1,25-44,F,WHITE HISPANIC
189992103,11/14/18,475,,,,PL 1651601,M,K,75,1,18-24,M,BLACK
189714430,11/7/18,117,RECKLESS ENDANGERMENT 1,126,MISCELLANEOUS PENAL LAW,PL 1202500,F,M,26,0,45-64,M,WHITE
190067816,11/15/18,586,,,,PL 230341A,F,M,5,0,18-24,M,BLACK
190017529,11/15/18,109,"ASSAULT 2,1,UNCLASSIFIED",106,FELONY ASSAULT,PL 1200502,F,B,47,0,45-64,M,BLACK
189886182,11/12/18,177,,,,PL 1306504,F,K,77,0,45-64,M,WHITE
189789879,11/9/18,440,,,,PL 1553502,F,B,45,0,25-44,M,WHITE HISPANIC
189516802,11/2/18,665,,,,PL 4902001,F,K,75,0,18-24,M,ASIAN / PACIFIC ISLANDER
189678705,11/7/18,175,"SEXUAL ABUSE 3,2",233,SEX CRIMES,PL 13052A1,M,B,52,0,25-44,M,BLACK
189850062,11/11/18,,,,,,,K,73,97,25-44,M,BLACK
189928060,11/13/18,665,,,,PL 4902001,F,K,63,0,25-44,M,WHITE
189068425,10/22/18,105,STRANGULATION 1ST,106,FELONY ASSAULT,PL 1211200,F,K,94,0,45-64,M,BLACK
189989408,11/14/18,101,ASSAULT 3,344,ASSAULT 3 & RELATED OFFENSES,PL 1200000,M,B,40,0,25-44,M,BLACK
189374181,10/30/18,153,RAPE 3,104,RAPE,PL 1302502,F,Q,112,0,18-24,M,UNKNOWN
189269917,10/27/18,153,RAPE 3,104,RAPE,PL 1302501,F,K,75,0,25-44,M,BLACK
189992109,11/14/18,263,"ARSON 2,3,4",114,ARSON,PL 1501500,F,K,71,0,45-64,F,BLACK
189020743,10/20/18,665,,,,PL 4902001,F,Q,101,0,25-44,M,BLACK
189476256,11/2/18,,,,,,,M,7,0,25-44,M,WHITE HISPANIC
186712976,8/22/18,475,,,,PL 1651601,M,Q,103,1,25-44,M,BLACK
190159603,11/19/18,155,RAPE 2,104,RAPE,PL 1303001,F,M,25,0,18-24,M,WHITE HISPANIC
189121402,10/23/18,109,"ASSAULT 2,1,UNCLASSIFIED",106,FELONY ASSAULT,PL 1200502,F,K,83,0,25-44,M,WHITE
189476261,11/1/18,153,RAPE 3,104,RAPE,PL 1302503,F,Q,112,0,25-44,M,BLACK
189190638,10/25/18,177,,,,PL 1306504,F,M,25,0,45-64,M,WHITE HISPANIC
189557175,11/4/18,105,STRANGULATION 1ST,106,FELONY ASSAULT,PL 1211300,F,K,77,0,25-44,M,BLACK
189195017,10/25/18,109,"ASSAULT 2,1,UNCLASSIFIED",106,FELONY ASSAULT,PL 1200502,F,S,121,0,25-44,M,WHITE
189634468,11/6/18,177,,,,PL 1306504,F,Q,112,0,45-64,M,WHITE HISPANIC
187591671,9/14/18,157,RAPE 1,104,RAPE,PL 1303501,F,Q,113,0,25-44,M,BLACK
187758697,9/18/18,440,,,,PL 1553502,F,K,84,0,25-44,M,BLACK
187758691,9/18/18,440,,,,PL 1553502,F,K,84,0,25-44,M,BLACK
188601148,10/10/18,,,,,,,B,43,0,25-44,M,BLACK
188636504,10/11/18,475,,,,PL 1651600,M,M,5,1,18-24,M,BLACK
188405535,10/5/18,,,,,,,B,41,0,25-44,M,WHITE HISPANIC
188385204,10/4/18,,,,,,,K,60,0,18-24,M,WHITE HISPANIC
188086153,9/27/18,,,,,PL 1701000,F,S,122,0,45-64,M,WHITE
188301847,10/3/18,,,,,PL 1701000,F,K,84,73,45-64,M,WHITE
188647425,10/11/18,,,,,,,M,9,0,25-44,M,WHITE HISPANIC
188190176,9/30/18,,,,,,,Q,113,0,25-44,M,BLACK
188298075,10/3/18,,,,,,,Q,104,0,45-64,M,WHITE HISPANIC
188151016,9/29/18,175,"SEXUAL ABUSE 3,2",233,SEX CRIMES,PL 13052A1,M,K,70,0,65+,M,WHITE
188158233,9/29/18,109,"ASSAULT 2,1,UNCLASSIFIED",106,FELONY ASSAULT,PL 1200500,F,B,42,0,18-24,M,BLACK
188531447,10/9/18,475,,,,PL 1651601,M,B,52,1,25-44,M,BLACK
187760672,9/18/18,440,,,,PL 1553502,F,K,84,0,25-44,M,BLACK
187642054,9/15/18,113,"MENACING,UNCLASSIFIED",344,ASSAULT 3 & RELATED OFFENSES,PL 1201401,M,M,18,1,18-24,M,BLACK
188298051,10/3/18,,,,,PL 1701000,F,K,84,73,45-64,F,UNKNOWN
187644984,9/15/18,101,ASSAULT 3,344,ASSAULT 3 & RELATED OFFENSES,PL 1200001,M,K,75,0,25-44,M,WHITE HISPANIC
188240256,10/2/18,109,"ASSAULT 2,1,UNCLASSIFIED",106,FELONY ASSAULT,PL 1200500,F,Q,113,0,45-64,M,BLACK
188601152,10/10/18,155,RAPE 2,104,RAPE,PL 1303001,F,K,77,0,45-64,M,WHITE HISPANIC
188377106,10/4/18,109,"ASSAULT 2,1,UNCLASSIFIED",106,FELONY ASSAULT,PL 1201400,M,K,73,0,18-24,M,BLACK
188411789,10/5/18,175,"SEXUAL ABUSE 3,2",233,SEX CRIMES,PL 1305500,M,M,26,0,65+,M,BLACK
188509890,10/8/18,101,ASSAULT 3,344,ASSAULT 3 & RELATED OFFENSES,PL 1200000,M,K,73,0,25-44,M,BLACK
187832594,9/20/18,739,IDENTITY THFT-1,112,THEFT-FRAUD,PL 1908003,F,K,71,0,25-44,M,BLACK
188349027,10/4/18,681,"CHILD, ENDANGERING WELFARE",233,SEX CRIMES,PL 2601000,M,Q,103,0,25-44,M,BLACK
187898862,9/22/18,168,SODOMY 1,116,SEX CRIMES,PL 1305003,F,K,84,0,<18,F,BLACK
188096295,9/27/18,475,,,,PL 1651600,M,K,79,1,45-64,M,BLACK
188464924,10/7/18,157,RAPE 1,104,RAPE,PL 1303500,F,Q,110,0,25-44,M,WHITE HISPANIC
188122058,9/28/18,594,OBSCENITY 1,116,SEX CRIMES,PL 2631600,F,M,10,0,25-44,M,WHITE HISPANIC
187365190,9/9/18,109,"ASSAULT 2,1,UNCLASSIFIED",106,FELONY ASSAULT,PL 1200502,F,K,79,0,25-44,M,BLACK
186586164,8/19/18,179,SEXUAL ABUSE 1,116,SEX CRIMES,PL 1306501,F,K,77,0,25-44,M,BLACK
187552704,9/13/18,475,,,,PL 1651600,M,M,23,0,25-44,M,BLACK
186892051,8/27/18,105,STRANGULATION 1ST,106,FELONY ASSAULT,PL 1211200,F,B,43,0,18-24,M,BLACK
187554937,9/13/18,475,,,,PL 1651600,M,M,23,1,45-64,M,BLACK
187529272,9/12/18,475,,,,PL 1651600,M,M,28,0,25-44,M,BLACK
186397510,8/14/18,179,SEXUAL ABUSE 1,116,SEX CRIMES,PL 1306503,F,M,25,0,<18,M,BLACK
186750244,8/23/18,177,,,,PL 1306504,F,S,120,0,45-64,M,WHITE
187552693,9/13/18,475,,,,PL 1651600,M,K,72,1,25-44,M,WHITE
187570790,9/13/18,475,,,,PL 1651601,M,M,34,0,25-44,M,WHITE HISPANIC
186844877,8/25/18,475,,,,PL 1651600,M,M,19,1,45-64,M,BLACK
186485408,8/16/18,157,RAPE 1,104,RAPE,PL 1303501,F,K,77,0,25-44,M,WHITE
186778871,8/23/18,729,"FORGERY,ETC.,UNCLASSIFIED-FELONY",113,FORGERY,PL 1702500,F,M,14,0,25-44,M,BLACK
186495471,8/16/18,475,,,,PL 1651600,M,M,23,0,25-44,M,WHITE HISPANIC
186965102,8/29/18,105,STRANGULATION 1ST,106,FELONY ASSAULT,PL 1211200,F,K,68,0,45-64,M,WHITE
187055943,8/31/18,105,STRANGULATION 1ST,106,FELONY ASSAULT,PL 1211200,F,B,42,0,25-44,M,BLACK
187529554,9/13/18,849,"NY STATE LAWS,UNCLASSIFIED VIOLATION",677,OTHER STATE LAWS,LOC000000V,V,K,75,1,25-44,M,BLACK
187462026,9/11/18,969,"TRAFFIC,UNCLASSIFIED INFRACTION",881,OTHER TRAFFIC INFRACTION,VTL051101A,M,B,45,0,45-64,M,WHITE
186850113,8/26/18,509,POSSESSION HYPODERMIC INSTRUMENT,235,DANGEROUS DRUGS,PL 2204500,M,K,83,0,25-44,M,WHITE HISPANIC
186851855,8/26/18,750,RESISTING ARREST,359,OFFENSES AGAINST PUBLIC ADMINISTRATION,PL 2053000,M,M,13,0,25-44,M,BLACK
185727554,7/28/18,168,SODOMY 1,116,SEX CRIMES,PL 1305001,F,M,25,0,25-44,M,WHITE
185396520,7/20/18,153,RAPE 3,104,RAPE,PL 1302501,F,B,41,0,25-44,M,WHITE HISPANIC
185194927,7/15/18,665,,,,PL 4902001,F,S,120,0,45-64,M,BLACK
185776628,7/30/18,175,"SEXUAL ABUSE 3,2",233,SEX CRIMES,PL 13052A1,M,B,41,0,25-44,M,BLACK
186239378,8/10/18,742,ESCAPE 3,237,ESCAPE 3,PL 2050500,M,M,1,0,25-44,F,BLACK
185778894,7/30/18,157,RAPE 1,104,RAPE,PL 1303501,F,M,25,0,25-44,M,BLACK
186298217,8/11/18,157,RAPE 1,104,RAPE,PL 1303504,F,K,84,0,25-44,M,WHITE HISPANIC
185809969,7/31/18,155,RAPE 2,104,RAPE,PL 1303001,F,K,75,0,25-44,M,BLACK
186042508,8/5/18,168,SODOMY 1,116,SEX CRIMES,PL 1305001,F,K,81,0,25-44,M,BLACK
185402980,7/20/18,397,"ROBBERY,UNCLASSIFIED,OPEN AREAS",105,ROBBERY,PL 1601502,F,B,41,0,18-24,M,BLACK
186082024,8/6/18,968,UNLICENSED OPERATOR,880,MOVING INFRACTIONS,VTL0509001,I,K,76,0,18-24,M,BLACK
185918392,8/1/18,586,,,,PL 2303400,F,M,5,0,25-44,M,BLACK
185118174,7/13/18,739,IDENTITY THFT-1,112,THEFT-FRAUD,PL 1908003,F,Q,105,0,45-64,M,BLACK
185404518,7/20/18,101,ASSAULT 3,344,ASSAULT 3 & RELATED OFFENSES,PL 1200001,M,M,5,0,45-64,M,WHITE HISPANIC
185503286,7/23/18,259,"MISCHIEF,CRIMINAL     UNCLASSIFIED 4TH DEG",351,CRIMINAL MISCHIEF & RELATED OFFENSES,PL 1450001,M,Q,115,0,<18,F,ASIAN / PACIFIC ISLANDER
186229595,8/9/18,563,PROSTITUTION,356,PROSTITUTION & RELATED OFFENSES,PL 2300000,M,B,52,0,25-44,M,BLACK
186188984,8/9/18,849,"NY STATE LAWS,UNCLASSIFIED VIOLATION",677,OTHER STATE LAWS,LOC000000V,V,K,61,1,18-24,M,BLACK
185356400,7/19/18,922,"TRAFFIC,UNCLASSIFIED MISDEMEAN",348,VEHICLE AND TRAFFIC LAWS,VTL0511001,M,M,25,0,18-24,M,WHITE HISPANIC
185663321,7/26/18,339,"LARCENY,PETIT FROM OPEN AREAS,UNCLASSIFIED",341,PETIT LARCENY,PL 1552500,M,Q,103,0,25-44,M,WHITE
185984175,8/3/18,181,"IMPRISONMENT 2,UNLAWFUL",355,OFFENSES AGAINST THE PERSON,PL 1350500,M,K,79,0,25-44,M,BLACK
185660313,7/26/18,586,,,,PL 2303400,F,M,5,0,25-44,M,BLACK
185842337,7/31/18,109,"ASSAULT 2,1,UNCLASSIFIED",106,FELONY ASSAULT,PL 1200502,F,K,73,0,18-24,F,BLACK
184214075,6/21/18,475,,,,PL 1651600,M,M,13,1,25-44,M,BLACK
184390118,6/24/18,101,ASSAULT 3,344,ASSAULT 3 & RELATED OFFENSES,PL 1200001,M,S,122,0,25-44,M,WHITE
184424277,6/25/18,109,"ASSAULT 2,1,UNCLASSIFIED",106,FELONY ASSAULT,PL 1200501,F,M,10,0,25-44,M,WHITE
184565445,6/28/18,475,,,,PL 1651600,M,K,70,1,25-44,M,BLACK
184220895,6/21/18,153,RAPE 3,104,RAPE,PL 1302502,F,B,52,0,45-64,M,WHITE HISPANIC
184628522,6/30/18,586,,,,PL 230341A,F,M,32,0,18-24,F,BLACK
183685408,6/10/18,475,,,,PL 1651601,M,Q,115,3,45-64,M,BLACK
184898244,7/8/18,177,,,,PL 1306504,F,B,42,2,25-44,M,BLACK
185001290,7/10/18,155,RAPE 2,104,RAPE,PL 1303002,F,B,42,0,45-64,M,BLACK
183623472,6/8/18,475,,,,PL 1651600,M,M,14,0,45-64,M,BLACK
185020617,7/11/18,157,RAPE 1,104,RAPE,PL 1303501,F,K,77,0,18-24,M,BLACK
184806084,7/5/18,164,SODOMY 3,116,SEX CRIMES,PL 1304001,F,K,75,0,25-44,M,BLACK HISPANIC
183819600,6/13/18,157,RAPE 1,104,RAPE,PL 1303501,F,K,77,0,25-44,M,BLACK
185039198,7/11/18,168,SODOMY 1,116,SEX CRIMES,PL 1305001,F,S,120,0,18-24,M,WHITE
184977111,7/10/18,175,"SEXUAL ABUSE 3,2",233,SEX CRIMES,PL 13052A1,M,K,77,0,45-64,M,BLACK
183916201,6/16/18,101,ASSAULT 3,344,ASSAULT 3 & RELATED OFFENSES,PL 1200001,M,M,34,0,45-64,F,BLACK HISPANIC
184628517,6/30/18,586,,,,PL 230345A,F,M,25,0,25-44,M,BLACK
184642706,6/30/18,586,,,,PL 2303405,F,B,47,0,25-44,M,BLACK
184000689,6/17/18,101,ASSAULT 3,344,ASSAULT 3 & RELATED OFFENSES,PL 1200001,M,B,42,0,25-44,F,WHITE HISPANIC
184166171,6/20/18,259,"MISCHIEF,CRIMINAL     UNCLASSIFIED 4TH DEG",351,CRIMINAL MISCHIEF & RELATED OFFENSES,PL 1450001,M,Q,103,0,<18,M,ASIAN / PACIFIC ISLANDER
184948007,7/9/18,922,"TRAFFIC,UNCLASSIFIED MISDEMEAN",348,VEHICLE AND TRAFFIC LAWS,VTL0511001,M,M,5,0,25-44,M,BLACK
184949802,7/9/18,705,"FORGERY,ETC.-MISD.",358,OFFENSES INVOLVING FRAUD,PL 1702000,M,M,25,0,25-44,M,BLACK
183918818,6/16/18,101,ASSAULT 3,344,ASSAULT 3 & RELATED OFFENSES,PL 1200001,M,B,40,0,<18,F,BLACK HISPANIC
184331226,6/22/18,109,"ASSAULT 2,1,UNCLASSIFIED",106,FELONY ASSAULT,PL 1200501,F,Q,102,0,25-44,F,BLACK
184727531,7/3/18,478,"THEFT OF SERVICES, UNCLASSIFIED",343,OTHER OFFENSES RELATED TO THEFT,PL 1651503,M,B,44,1,18-24,M,WHITE HISPANIC
184600628,6/29/18,177,,,,PL 1306504,F,Q,110,0,25-44,M,WHITE HISPANIC
184839029,7/6/18,177,,,,PL 1306504,F,K,77,0,45-64,M,BLACK
183098765,5/25/18,157,RAPE 1,104,RAPE,PL 1303503,F,B,41,0,25-44,M,WHITE HISPANIC
191278150,12/18/18,475,,,,PL 1651601,M,B,52,1,18-24,F,BLACK
191278148,12/18/18,475,,,,PL 1651601,M,B,52,1,18-24,F,BLACK HISPANIC
182983222,5/22/18,157,RAPE 1,104,RAPE,PL 1303502,F,B,40,2,18-24,M,BLACK
191239824,12/17/18,475,,,,PL 1651601,M,M,25,0,<18,M,BLACK
183557730,6/6/18,168,SODOMY 1,116,SEX CRIMES,PL 1305003,F,S,120,0,18-24,M,BLACK
183427259,6/3/18,175,"SEXUAL ABUSE 3,2",233,SEX CRIMES,PL 13052A2,M,B,50,0,45-64,M,BLACK
191116817,12/12/18,586,,,,PL 230345A,F,K,73,0,18-24,M,BLACK
183164051,5/27/18,157,RAPE 1,104,RAPE,PL 1303501,F,K,71,0,25-44,M,WHITE HISPANIC
191371123,12/20/18,475,,,,PL 1651601,M,M,7,1,18-24,M,BLACK
182985702,5/22/18,176,,,,PL 1309600,F,B,43,1,25-44,M,WHITE HISPANIC
191293469,12/18/18,475,,,,PL 1651601,M,Q,103,1,18-24,M,BLACK
191183910,12/15/18,157,RAPE 1,104,RAPE,PL 1303501,F,K,77,0,25-44,M,WHITE HISPANIC
183437583,6/4/18,475,,,,PL 1651601,M,B,44,1,45-64,M,BLACK
183254178,5/29/18,157,RAPE 1,104,RAPE,PL 1303501,F,Q,115,0,18-24,M,WHITE HISPANIC
191697009,12/31/18,665,,,,PL 4902001,F,K,62,0,45-64,M,WHITE
183008541,5/22/18,105,STRANGULATION 1ST,106,FELONY ASSAULT,PL 1211200,F,K,66,0,45-64,M,WHITE
190832153,12/6/18,157,RAPE 1,104,RAPE,PL 1303502,F,K,60,0,25-44,M,ASIAN / PACIFIC ISLANDER
183513621,6/5/18,117,RECKLESS ENDANGERMENT 1,126,MISCELLANEOUS PENAL LAW,PL 1202500,F,K,75,0,45-64,M,WHITE HISPANIC
191426717,12/21/18,705,"FORGERY,ETC.-MISD.",358,OFFENSES INVOLVING FRAUD,PL 1702000,M,M,34,0,25-44,M,WHITE HISPANIC
183311457,5/31/18,779,"PUBLIC ADMINISTRATION,UNCLASSIFIED FELONY",126,MISCELLANEOUS PENAL LAW,PL 215510B,F,Q,105,0,25-44,M,BLACK
191533209,12/26/18,439,"LARCENY,GRAND FROM OPEN AREAS,UNCLASSIFIED",109,GRAND LARCENY,PL 1553004,F,M,14,0,25-44,M,BLACK
191048574,12/12/18,101,ASSAULT 3,344,ASSAULT 3 & RELATED OFFENSES,PL 1200000,M,Q,106,0,25-44,M,ASIAN / PACIFIC ISLANDER
191163934,12/14/18,792,WEAPONS POSSESSION 1 & 2,118,DANGEROUS WEAPONS,PL 2650303,F,K,81,0,18-24,M,BLACK
191415157,12/21/18,109,"ASSAULT 2,1,UNCLASSIFIED",106,FELONY ASSAULT,PL 1200501,F,S,121,0,45-64,F,WHITE
191130960,12/14/18,101,ASSAULT 3,344,ASSAULT 3 & RELATED OFFENSES,PL 1200001,M,M,5,0,25-44,M,BLACK
183332054,5/31/18,339,"LARCENY,PETIT FROM OPEN AREAS,UNCLASSIFIED",341,PETIT LARCENY,PL 1552500,M,M,10,0,45-64,M,BLACK
183091371,5/24/18,177,,,,PL 1306504,F,B,41,0,25-44,M,BLACK
175078477,2/22/18,109,"ASSAULT 2,1,UNCLASSIFIED",106,FELONY ASSAULT,PL 1200501,F,B,50,0,<18,M,BLACK
190467679,11/27/18,,,,,,,K,73,0,25-44,M,BLACK
190868305,12/7/18,478,"THEFT OF SERVICES, UNCLASSIFIED",343,OTHER OFFENSES RELATED TO THEFT,PL 1651503,M,Q,109,0,25-44,M,WHITE
190823028,12/6/18,105,STRANGULATION 1ST,106,FELONY ASSAULT,PL 1211300,F,M,10,0,25-44,M,BLACK
174872546,2/16/18,475,,,,PL 1651600,M,M,5,1,25-44,M,WHITE HISPANIC
191026376,12/11/18,475,,,,PL 1651601,M,Q,103,1,25-44,M,BLACK
190847025,12/7/18,105,STRANGULATION 1ST,106,FELONY ASSAULT,PL 1211200,F,M,26,0,25-44,M,BLACK
191119543,12/12/18,586,,,,PL 230345A,F,K,67,0,45-64,F,BLACK
174891886,2/16/18,475,,,,PL 1651600,M,B,43,1,45-64,M,WHITE HISPANIC
174820655,2/15/18,101,ASSAULT 3,344,ASSAULT 3 & RELATED OFFENSES,PL 1200001,M,B,52,0,18-24,F,BLACK
190530536,11/29/18,681,"CHILD, ENDANGERING WELFARE",233,SEX CRIMES,PL 2601001,M,B,43,0,25-44,M,BLACK
190748812,12/4/18,681,"CHILD, ENDANGERING WELFARE",233,SEX CRIMES,PL 2601001,M,Q,113,0,25-44,M,BLACK
190968552,12/10/18,475,,,,PL 1651601,M,Q,107,1,18-24,F,BLACK
175262965,2/27/18,109,"ASSAULT 2,1,UNCLASSIFIED",106,FELONY ASSAULT,PL 1200501,F,Q,105,0,<18,F,BLACK
174308844,2/1/18,177,,,,PL 1306504,F,K,77,0,45-64,M,WHITE
174675938,2/12/18,475,,,,PL 1651601,M,M,7,1,45-64,M,BLACK
174026862,1/25/18,665,,,,PL 4902001,F,K,70,0,25-44,M,WHITE
174101503,1/27/18,263,"ARSON 2,3,4",114,ARSON,PL 1501500,F,K,90,97,25-44,M,WHITE HISPANIC
173779611,1/19/18,586,,,,PL 2303405,F,K,61,0,18-24,F,WHITE
174447748,2/6/18,157,RAPE 1,104,RAPE,PL 1303501,F,Q,112,0,45-64,M,WHITE HISPANIC
174110964,1/27/18,153,RAPE 3,104,RAPE,PL 1302503,F,Q,112,0,18-24,M,WHITE HISPANIC
174345952,2/2/18,475,,,,PL 1651601,M,M,25,1,25-44,M,WHITE
173846182,1/21/18,707,"IMPERSONATION 2, PUBLIC SERVANT",340,FRAUDS,PL 1902300,M,M,23,0,25-44,M,BLACK
174502165,2/7/18,397,"ROBBERY,UNCLASSIFIED,OPEN AREAS",105,ROBBERY,PL 160102A,F,S,120,0,<18,M,BLACK
174194439,1/30/18,475,,,,PL 1651600,M,B,46,1,25-44,M,BLACK
174758156,2/13/18,101,ASSAULT 3,344,ASSAULT 3 & RELATED OFFENSES,PL 1200001,M,S,120,0,18-24,F,BLACK
174675933,2/9/18,586,,,,PL 2303400,F,M,5,0,25-44,F,BLACK
174095573,1/27/18,475,,,,PL 1651601,M,Q,103,1,45-64,M,BLACK
174105787,1/27/18,101,ASSAULT 3,344,ASSAULT 3 & RELATED OFFENSES,PL 1200001,M,K,77,0,18-24,F,WHITE HISPANIC
173767095,1/18/18,475,,,,PL 1651600,M,B,44,1,25-44,M,WHITE HISPANIC
174105790,1/27/18,440,,,,PL 1553502,F,K,79,0,25-44,F,BLACK
174762602,2/13/18,177,,,,PL 1306504,F,Q,112,0,18-24,M,WHITE HISPANIC
174087549,1/26/18,475,,,,PL 1651601,M,M,1,1,45-64,M,BLACK
174162071,1/29/18,179,SEXUAL ABUSE 1,116,SEX CRIMES,PL 1306502,F,M,5,2,45-64,M,BLACK
173950213,1/23/18,475,,,,PL 1651601,M,K,79,1,25-44,M,BLACK
173323642,1/6/18,968,UNLICENSED OPERATOR,880,MOVING INFRACTIONS,VTL0509001,I,Q,107,0,18-24,M,BLACK HISPANIC
173270069,1/4/18,339,"LARCENY,PETIT FROM OPEN AREAS,UNCLASSIFIED",341,PETIT LARCENY,PL 1552500,M,K,66,0,45-64,M,BLACK
173541837,1/12/18,475,,,,PL 1651601,M,Q,103,1,18-24,M,BLACK
173553588,1/12/18,515,"CONTROLLED SUBSTANCE,SALE 3",117,DANGEROUS DRUGS,PL 2203901,F,B,44,0,25-44,M,BLACK
173373418,1/8/18,397,"ROBBERY,UNCLASSIFIED,OPEN AREAS",105,ROBBERY,PL 1601002,F,Q,106,0,45-64,M,BLACK
173668740,1/16/18,475,,,,PL 1651600,M,M,14,1,45-64,M,BLACK
173193430,1/2/18,168,SODOMY 1,116,SEX CRIMES,PL 1305001,F,K,79,0,45-64,M,BLACK
173505940,1/11/18,157,RAPE 1,104,RAPE,PL 1303501,F,S,120,0,18-24,M,BLACK
178853818,5/2/18,155,RAPE 2,104,RAPE,PL 1303001,F,S,120,0,25-44,F,BLACK
180596399,5/3/18,175,"SEXUAL ABUSE 3,2",233,SEX CRIMES,PL 1306002,M,K,60,0,25-44,M,WHITE
180158985,5/3/18,157,RAPE 1,104,RAPE,PL 1303502,F,K,77,0,45-64,M,BLACK
182723593,5/15/18,475,,,,PL 1651600,M,M,18,1,25-44,M,BLACK
179487031,5/3/18,109,"ASSAULT 2,1,UNCLASSIFIED",106,FELONY ASSAULT,PL 1200501,F,M,5,0,25-44,F,WHITE
182471338,5/8/18,475,,,,PL 1651600,M,B,43,0,25-44,M,BLACK
182478206,5/8/18,143,ABORTION 1,123,ABORTION,PL 1254000,F,B,41,0,25-44,M,WHITE HISPANIC
182342171,5/6/18,168,SODOMY 1,116,SEX CRIMES,PL 1305002,F,Q,101,0,25-44,M,BLACK
182774370,5/16/18,475,,,,PL 1651601,M,K,75,1,45-64,M,BLACK
181271606,5/4/18,440,,,,PL 1553502,F,M,5,0,25-44,F,WHITE HISPANIC
181319017,5/4/18,176,,,,PL 1309600,F,B,44,0,25-44,M,WHITE HISPANIC
181271607,5/4/18,155,RAPE 2,104,RAPE,PL 1303001,F,M,5,0,18-24,M,BLACK
182701757,5/14/18,707,"IMPERSONATION 2, PUBLIC SERVANT",340,FRAUDS,PL 1902300,M,K,90,0,18-24,M,BLACK
182619582,5/12/18,153,RAPE 3,104,RAPE,PL 1302501,F,K,66,0,<18,M,WHITE HISPANIC
181417340,5/4/18,475,,,,PL 1651601,M,K,73,1,45-64,M,BLACK
182499836,5/9/18,153,RAPE 3,104,RAPE,PL 1302503,F,K,77,0,25-44,M,WHITE
178101864,4/12/18,109,"ASSAULT 2,1,UNCLASSIFIED",106,FELONY ASSAULT,PL 1201001,F,K,67,0,45-64,M,BLACK
178161238,4/14/18,397,"ROBBERY,UNCLASSIFIED,OPEN AREAS",105,ROBBERY,PL 1601503,F,Q,107,0,18-24,M,BLACK
178092396,4/12/18,177,,,,PL 1306504,F,Q,112,0,25-44,M,ASIAN / PACIFIC ISLANDER
178761299,4/30/18,339,"LARCENY,PETIT FROM OPEN AREAS,UNCLASSIFIED",341,PETIT LARCENY,PL 1552500,M,M,28,0,45-64,M,BLACK
178681596,4/28/18,179,SEXUAL ABUSE 1,116,SEX CRIMES,PL 1306503,F,B,41,0,45-64,M,BLACK HISPANIC
178719114,4/29/18,157,RAPE 1,104,RAPE,PL 1303501,F,B,47,0,45-64,M,BLACK
178306872,4/18/18,153,RAPE 3,104,RAPE,PL 1302502,F,M,25,0,25-44,M,WHITE
178135124,4/13/18,475,,,,PL 1651601,M,M,1,1,45-64,M,BLACK
178039669,4/11/18,168,SODOMY 1,116,SEX CRIMES,PL 1305001,F,M,25,0,45-64,M,WHITE
178619321,4/26/18,157,RAPE 1,104,RAPE,PL 1303501,F,B,45,0,25-44,M,WHITE HISPANIC
178292471,4/18/18,261,ARSON 1,114,ARSON,PL 1502001,F,M,9,0,25-44,M,UNKNOWN
178087771,4/12/18,157,RAPE 1,104,RAPE,PL 1303501,F,Q,112,0,<18,M,BLACK
178306846,4/17/18,513,,,,PL 2207700,F,B,46,0,25-44,M,BLACK
178042316,4/11/18,475,,,,PL 1651601,M,Q,103,1,18-24,M,BLACK
178078668,4/12/18,440,,,,PL 1553502,F,M,19,0,25-44,M,BLACK
178136850,4/13/18,475,,,,PL 1651601,M,M,1,1,45-64,M,BLACK
178630278,4/26/18,157,RAPE 1,104,RAPE,PL 1303501,F,B,45,0,18-24,M,BLACK HISPANIC
178306848,4/18/18,475,,,,PL 1651600,M,B,43,0,45-64,M,BLACK
178289235,4/18/18,739,"FRAUD,UNCLASSIFIED-FELONY",112,THEFT-FRAUD,PL 1753500,F,M,9,0,45-64,M,UNKNOWN
177845180,4/5/18,203,"TRESPASS 3, CRIMINAL",352,CRIMINAL TRESPASS,PL 140100E,M,M,24,2,25-44,M,BLACK
176285265,3/25/18,263,"ARSON 2,3,4",114,ARSON,PL 1500501,F,B,45,0,<18,M,BLACK
176188361,3/22/18,475,,,,PL 1651601,M,M,10,1,25-44,M,BLACK
175865899,3/14/18,475,,,,PL 1651601,M,B,52,1,25-44,M,BLACK
176357006,3/27/18,475,,,,PL 1651601,M,M,25,1,25-44,M,BLACK
177108504,3/29/18,475,,,,PL 1651601,M,Q,103,1,25-44,M,BLACK
177119986,3/29/18,157,RAPE 1,104,RAPE,PL 1303501,F,K,77,0,18-24,M,BLACK
176077991,3/19/18,153,RAPE 3,104,RAPE,PL 1302502,F,Q,114,0,25-44,M,WHITE
176441428,3/28/18,203,"TRESPASS 3, CRIMINAL",352,CRIMINAL TRESPASS,PL 1401000,M,Q,103,0,<18,M,BLACK
175502917,3/6/18,793,WEAPONS POSSESSION 3,118,DANGEROUS WEAPONS,PL 2650201,F,Q,100,0,18-24,M,BLACK
175761578,3/11/18,440,,,,PL 1553502,F,B,42,0,45-64,M,BLACK
177098539,3/29/18,397,"ROBBERY,UNCLASSIFIED,OPEN AREAS",105,ROBBERY,PL 1600500,F,S,122,0,45-64,M,BLACK
176674815,3/28/18,594,OBSCENITY 1,116,SEX CRIMES,PL 2631600,F,K,60,0,25-44,M,BLACK
175439027,3/4/18,101,ASSAULT 3,344,ASSAULT 3 & RELATED OFFENSES,PL 1200001,M,B,47,0,25-44,M,BLACK
175789229,3/12/18,475,,,,PL 1651600,M,B,44,1,18-24,M,BLACK
175789228,3/12/18,475,,,,PL 1651600,M,B,44,1,18-24,M,BLACK
177137602,3/30/18,153,RAPE 3,104,RAPE,PL 1302503,F,Q,107,0,18-24,M,WHITE HISPANIC
176180691,3/22/18,153,RAPE 3,104,RAPE,PL 1302502,F,B,44,0,18-24,M,BLACK
175661393,3/8/18,263,"ARSON 2,3,4",114,ARSON,PL 1501001,F,Q,106,71,25-44,M,BLACK
175789231,3/12/18,475,,,,PL 1651600,M,B,44,1,18-24,M,BLACK
175437793,3/4/18,105,STRANGULATION 1ST,106,FELONY ASSAULT,PL 1211200,F,K,61,0,25-44,F,WHITE
175387554,3/2/18,153,RAPE 3,104,RAPE,PL 1302501,F,B,46,0,45-64,M,BLACK
176288335,3/25/18,397,"ROBBERY,UNCLASSIFIED,OPEN AREAS",105,ROBBERY,PL 1601001,F,B,48,0,<18,M,BLACK
175878884,3/14/18,475,,,,PL 1651600,M,M,10,1,25-44,M,BLACK HISPANIC
175327154,3/1/18,157,RAPE 1,104,RAPE,PL 1303501,F,K,77,0,25-44,M,BLACK
172354122,12/6/17,155,RAPE 2,104,RAPE,PL 1303001,F,B,41,0,18-24,M,BLACK
172338351,12/6/17,475,,,,PL 1651600,M,B,40,1,25-44,M,BLACK
172523353,12/12/17,157,RAPE 1,104,RAPE,PL 1303501,F,M,25,0,45-64,M,BLACK
172831131,12/20/17,101,ASSAULT 3,344,ASSAULT 3 & RELATED OFFENSES,PL 1200002,M,Q,105,0,25-44,M,WHITE
172335536,12/6/17,101,ASSAULT 3,344,ASSAULT 3 & RELATED OFFENSES,PL 1200001,M,B,40,0,45-64,M,BLACK
172380558,12/7/17,105,STRANGULATION 1ST,106,FELONY ASSAULT,PL 1211200,F,Q,110,0,25-44,M,WHITE HISPANIC
172727838,12/18/17,665,,,,PL 4902001,F,K,66,0,<18,M,ASIAN / PACIFIC ISLANDER
172864501,12/21/17,101,ASSAULT 3,344,ASSAULT 3 & RELATED OFFENSES,PL 1200001,M,S,120,0,25-44,M,BLACK
172776054,12/19/17,168,SODOMY 1,116,SEX CRIMES,PL 1305003,F,K,77,0,45-64,M,BLACK
172553012,12/12/17,177,,,,PL 1306504,F,K,69,2,18-24,M,BLACK HISPANIC
172250657,12/4/17,339,"LARCENY,PETIT FROM OPEN AREAS,UNCLASSIFIED",341,PETIT LARCENY,PL 1552500,M,M,14,0,25-44,F,BLACK
168163069,8/16/17,155,RAPE 2,104,RAPE,PL 1303001,F,Q,112,0,25-44,M,WHITE HISPANIC
172675641,12/16/17,101,ASSAULT 3,344,ASSAULT 3 & RELATED OFFENSES,PL 1200001,M,M,33,0,25-44,F,BLACK
172224051,12/3/17,567,"MARIJUANA, POSSESSION 4 & 5",235,DANGEROUS DRUGS,PL 2211500,M,Q,114,0,25-44,M,BLACK
172293436,12/5/17,586,,,,PL 230345A,F,B,48,0,18-24,F,WHITE HISPANIC
172310272,12/6/17,105,STRANGULATION 1ST,106,FELONY ASSAULT,PL 1211200,F,K,81,0,25-44,F,BLACK
172591295,12/13/17,567,"MARIJUANA, POSSESSION 4 & 5",235,DANGEROUS DRUGS,PL 2211001,M,K,88,2,25-44,M,BLACK
172760935,12/19/17,177,,,,PL 1306504,F,B,46,0,25-44,M,WHITE HISPANIC
172493146,12/11/17,179,SEXUAL ABUSE 1,116,SEX CRIMES,PL 1305300,F,M,25,0,25-44,M,BLACK
173012631,12/27/17,475,,,,PL 1651600,M,M,28,1,45-64,M,BLACK
172499291,12/11/17,179,SEXUAL ABUSE 1,116,SEX CRIMES,PL 1306501,F,K,77,0,45-64,M,BLACK
172228362,12/3/17,101,ASSAULT 3,344,ASSAULT 3 & RELATED OFFENSES,PL 1200001,M,B,42,0,<18,M,BLACK HISPANIC
172740132,12/18/17,464,JOSTLING,230,JOSTLING,PL 1652501,M,M,14,1,45-64,M,BLACK
172377972,12/6/17,397,"ROBBERY,UNCLASSIFIED,OPEN AREAS",105,ROBBERY,PL 160102A,F,B,43,0,<18,M,BLACK HISPANIC
171345922,11/8/17,739,IDENTITY THFT-2,112,THEFT-FRAUD,PL 1907901,F,S,122,0,25-44,M,WHITE
171643189,11/16/17,244,"BURGLARY,UNCLASSIFIED,UNKNOWN TIME",107,BURGLARY,PL 1402000,F,M,14,0,18-24,M,BLACK
172027789,11/28/17,203,"TRESPASS 3, CRIMINAL",352,CRIMINAL TRESPASS,PL 140100A,M,K,84,0,<18,M,BLACK
171195302,11/3/17,177,,,,PL 1306504,F,B,46,0,25-44,M,WHITE HISPANIC
171462300,11/11/17,153,RAPE 3,104,RAPE,PL 1302503,F,M,20,0,45-64,M,BLACK
171525058,11/13/17,475,,,,PL 1651601,M,M,14,1,45-64,M,WHITE
171303471,11/7/17,397,"ROBBERY,UNCLASSIFIED,OPEN AREAS",105,ROBBERY,PL 160102A,F,K,88,0,18-24,M,BLACK
171269589,11/6/17,439,"LARCENY,GRAND FROM OPEN AREAS,",109,GRAND LARCENY,PL 1553501,F,M,5,0,25-44,F,BLACK
171866594,11/21/17,263,"ARSON 2,3,4",114,ARSON,PL 1501500,F,K,79,71,25-44,M,WHITE HISPANIC
171427244,11/10/17,566,"MARIJUANA, POSSESSION",678,MISCELLANEOUS PENAL LAW,PL 2210500,V,M,1,0,25-44,F,WHITE HISPANIC
171247485,11/5/17,729,"FORGERY,ETC.,UNCLASSIFIED-FELONY",113,FORGERY,PL 1702500,F,M,33,0,18-24,F,BLACK HISPANIC
171173695,11/3/17,101,ASSAULT 3,344,ASSAULT 3 & RELATED OFFENSES,PL 1200001,M,B,43,0,25-44,F,WHITE HISPANIC
171841456,11/21/17,101,ASSAULT 3,344,ASSAULT 3 & RELATED OFFENSES,PL 1200001,M,Q,108,0,<18,M,BLACK
171345924,11/8/17,739,IDENTITY THFT-2,112,THEFT-FRAUD,PL 1907901,F,S,122,0,25-44,M,WHITE
171922603,11/24/17,105,STRANGULATION 1ST,106,FELONY ASSAULT,PL 1211200,F,K,73,0,25-44,M,BLACK
172144047,11/30/17,203,"TRESPASS 3, CRIMINAL",352,CRIMINAL TRESPASS,PL 140100A,M,K,79,0,25-44,M,BLACK
171871705,11/22/17,179,SEXUAL ABUSE 1,116,SEX CRIMES,PL 1305300,F,M,13,1,25-44,M,BLACK
171307857,11/7/17,397,"ROBBERY,UNCLASSIFIED,OPEN AREAS",105,ROBBERY,PL 1601502,F,Q,109,0,25-44,F,BLACK
170349311,10/12/17,153,RAPE 3,104,RAPE,PL 1302503,F,B,47,0,<18,M,BLACK
170859785,10/25/17,153,RAPE 3,104,RAPE,PL 1302503,F,K,84,1,<18,M,BLACK
170360625,10/13/17,101,ASSAULT 3,344,ASSAULT 3 & RELATED OFFENSES,PL 1200001,M,S,122,0,45-64,M,WHITE
171027646,10/30/17,153,RAPE 3,104,RAPE,PL 1302503,F,K,77,0,18-24,M,BLACK
170391039,10/14/17,665,,,,PL 4902001,F,Q,115,3,65+,M,ASIAN / PACIFIC ISLANDER
170892910,10/26/17,782,"WEAPONS, POSSESSION, ETC",236,DANGEROUS WEAPONS,PL 2650101,M,Q,104,0,25-44,M,BLACK
171092116,11/1/17,109,"ASSAULT 2,1,UNCLASSIFIED",106,FELONY ASSAULT,PL 1200502,F,K,72,0,25-44,M,ASIAN / PACIFIC ISLANDER
170214302,10/9/17,175,"SEXUAL ABUSE 3,2",233,FORCIBLE TOUCHING,PL 1305200,M,K,77,0,65+,M,BLACK
170423197,10/15/17,223,"BURGLARY,RESIDENCE,NIGHT",107,BURGLARY,PL 1402502,F,M,19,0,45-64,M,BLACK
170628638,10/23/17,729,"FORGERY,ETC.,UNCLASSIFIED-FELONY",113,FORGERY,PL 1701501,F,K,67,0,25-44,M,BLACK
170268931,10/11/17,179,SEXUAL ABUSE 1,116,SEX CRIMES,PL 1306501,F,S,120,0,25-44,M,BLACK
170882860,10/26/17,157,RAPE 1,104,RAPE,PL 1303501,F,Q,112,0,45-64,M,WHITE HISPANIC
170342893,10/12/17,569,"MARIJUANA, SALE 4 & 5",235,DANGEROUS DRUGS,PL 2214000,M,M,28,0,25-44,M,BLACK
171028104,10/30/17,681,"CHILD, ENDANGERING WELFARE",233,SEX CRIMES,PL 2601001,M,M,23,2,25-44,M,BLACK
170412416,10/15/17,157,RAPE 1,104,RAPE,PL 1303501,F,K,70,0,45-64,M,BLACK
170349774,10/12/17,727,"FORGERY,PRESCRIPTION",113,FORGERY,PL 1701005,F,K,61,0,25-44,F,WHITE
170591637,10/19/17,101,ASSAULT 3,344,ASSAULT 3 & RELATED OFFENSES,PL 1200001,M,K,75,0,18-24,M,BLACK
170600017,10/20/17,569,"MARIJUANA, SALE 4 & 5",235,DANGEROUS DRUGS,PL 2213500,M,K,77,0,25-44,M,BLACK
171113334,11/1/17,475,,,,PL 1651600,M,M,30,1,18-24,M,BLACK HISPANIC
171111125,11/1/17,475,,,,PL 1651600,M,M,30,1,18-24,M,BLACK HISPANIC
170342518,10/12/17,681,"CHILD, ENDANGERING WELFARE",233,SEX CRIMES,PL 2601001,M,K,73,0,18-24,F,BLACK
170596330,10/20/17,109,"ASSAULT 2,1,UNCLASSIFIED",106,FELONY ASSAULT,PL 1200502,F,K,79,0,<18,F,BLACK
170616650,10/22/17,105,STRANGULATION 1ST,106,FELONY ASSAULT,PL 1211200,F,K,67,0,25-44,M,BLACK
170197972,10/9/17,101,ASSAULT 3,344,ASSAULT 3 & RELATED OFFENSES,PL 1200001,M,B,40,0,25-44,M,WHITE HISPANIC
171134178,11/2/17,263,"ARSON 2,3,4",114,ARSON,PL 1501001,F,Q,111,0,25-44,M,WHITE
170302418,10/11/17,179,SEXUAL ABUSE 1,116,SEX CRIMES,PL 1306502,F,Q,112,0,25-44,M,BLACK
170504980,10/17/17,567,"MARIJUANA, POSSESSION 4 & 5",235,DANGEROUS DRUGS,PL 2211001,M,K,90,0,18-24,M,BLACK HISPANIC
169872380,9/29/17,511,"CONTROLLED SUBSTANCE, POSSESSION 7",235,DANGEROUS DRUGS,PL 2200300,M,K,60,2,45-64,M,BLACK
169754188,9/26/17,808,TAX LAW,364,OTHER STATE LAWS (NON PENAL LA,TAX181400G,F,B,47,0,25-44,M,UNKNOWN
169281855,9/13/17,155,RAPE 2,104,RAPE,PL 1303001,F,B,41,0,18-24,M,BLACK
169941097,10/2/17,179,SEXUAL ABUSE 1,116,SEX CRIMES,PL 1305300,F,M,5,1,45-64,M,BLACK
169780687,9/27/17,157,RAPE 1,104,RAPE,PL 1303504,F,K,84,0,18-24,M,BLACK
170039523,10/4/17,153,RAPE 3,104,RAPE,PL 1302503,F,K,77,0,25-44,M,BLACK
169278920,9/13/17,179,SEXUAL ABUSE 1,116,SEX CRIMES,PL 1306501,F,S,120,0,25-44,M,WHITE
170126167,10/6/17,569,"MARIJUANA, SALE 4 & 5",235,DANGEROUS DRUGS,PL 2214000,M,M,23,0,18-24,M,BLACK
169747219,9/26/17,223,"BURGLARY,RESIDENCE,NIGHT",107,BURGLARY,PL 1402502,F,S,120,0,18-24,M,BLACK
169899221,9/30/17,177,,,,PL 1306504,F,K,84,0,25-44,M,WHITE
169574493,9/21/17,544,"GAMBLING 2,PROMOTING,UNCLASSIFIED",350,GAMBLING,PL 2250500,M,K,83,0,25-44,M,WHITE HISPANIC
169941072,10/2/17,475,,,,PL 1651601,M,K,84,1,25-44,M,BLACK
169798153,9/28/17,109,"ASSAULT 2,1,UNCLASSIFIED",106,FELONY ASSAULT,PL 1200501,F,K,73,0,25-44,M,WHITE HISPANIC
169560553,9/21/17,397,"ROBBERY,UNCLASSIFIED,OPEN AREAS",105,ROBBERY,PL 1600500,F,K,63,0,25-44,M,BLACK
169600226,9/21/17,792,WEAPONS POSSESSION 1 & 2,118,DANGEROUS WEAPONS,PL 265031B,F,Q,114,0,18-24,M,BLACK
169574499,9/21/17,521,"CONTROLLED SUBSTANCE, SALE 5",117,DANGEROUS DRUGS,PL 2203100,F,M,14,0,45-64,M,BLACK
170071250,10/5/17,703,"CHECK,BAD",340,FRAUDS,PL 1900501,M,Q,115,0,45-64,M,WHITE HISPANIC
169469714,9/18/17,739,"FRAUD,UNCLASSIFIED-FELONY",112,THEFT-FRAUD,PL 1581500,F,M,18,0,65+,M,BLACK
169548800,9/20/17,157,RAPE 1,104,RAPE,PL 1303501,F,Q,110,0,25-44,M,WHITE HISPANIC
169268333,9/13/17,205,"TRESPASS 2, CRIMINAL",352,CRIMINAL TRESPASS,PL 1401500,M,M,23,2,18-24,M,BLACK HISPANIC
169634743,9/23/17,567,"MARIJUANA, POSSESSION 4 & 5",235,DANGEROUS DRUGS,PL 2211500,M,B,47,0,25-44,F,BLACK
169668576,9/24/17,782,"WEAPONS, POSSESSION, ETC",236,DANGEROUS WEAPONS,PL 2650101,M,M,14,1,25-44,M,WHITE
168371759,8/22/17,567,"MARIJUANA, POSSESSION 4 & 5",235,DANGEROUS DRUGS,PL 2211001,M,K,79,0,25-44,F,UNKNOWN
169132287,9/8/17,809,TAX LAW,364,OTHER STATE LAWS (NON PENAL LA,TAX18140H1,M,Q,101,0,18-24,M,UNKNOWN
168451507,8/24/17,105,STRANGULATION 1ST,106,FELONY ASSAULT,PL 1211200,F,K,75,0,18-24,M,BLACK
168187190,8/16/17,101,ASSAULT 3,344,ASSAULT 3 & RELATED OFFENSES,PL 1200001,M,B,44,0,45-64,M,BLACK
168378492,8/23/17,943,ONE-WAY STREET,881,OTHER TRAFFIC INFRACTION,VTL112700A,I,K,68,0,25-44,M,WHITE
168676168,8/31/17,101,ASSAULT 3,344,ASSAULT 3 & RELATED OFFENSES,PL 1200001,M,K,70,0,<18,F,BLACK
168405439,8/23/17,475,,,,PL 1651601,M,M,10,1,25-44,M,BLACK
168578747,8/29/17,105,STRANGULATION 1ST,106,FELONY ASSAULT,PL 1211200,F,K,67,0,25-44,M,BLACK
168440755,8/24/17,168,SODOMY 1,116,SEX CRIMES,PL 1305001,F,K,77,0,18-24,M,BLACK
168182476,8/16/17,105,STRANGULATION 1ST,106,FELONY ASSAULT,PL 1211200,F,K,75,0,45-64,M,BLACK
168639447,8/30/17,567,"MARIJUANA, POSSESSION 4 & 5",235,DANGEROUS DRUGS,PL 2211001,M,K,69,0,25-44,M,BLACK
168854766,9/6/17,157,RAPE 1,104,RAPE,PL 1303501,F,B,41,0,25-44,M,WHITE HISPANIC
168160785,8/16/17,101,ASSAULT 3,344,ASSAULT 3 & RELATED OFFENSES,PL 1200001,M,M,32,0,25-44,F,BLACK
169154156,9/9/17,175,"SEXUAL ABUSE 3,2",233,FORCIBLE TOUCHING,PL 1305200,M,B,43,2,<18,M,BLACK
168581061,8/29/17,175,"SEXUAL ABUSE 3,2",233,FORCIBLE TOUCHING,PL 1305200,M,Q,100,0,65+,M,WHITE HISPANIC
168263056,8/19/17,175,"SEXUAL ABUSE 3,2",233,FORCIBLE TOUCHING,PL 1305200,M,B,47,0,18-24,M,BLACK
169085605,9/7/17,475,,,,PL 1651601,M,Q,103,0,25-44,M,BLACK
168663795,8/31/17,739,IDENTITY THFT-2,112,THEFT-FRAUD,PL 1907901,F,M,5,0,18-24,F,BLACK
168496495,8/26/17,153,RAPE 3,104,RAPE,PL 1302501,F,B,40,0,25-44,M,BLACK
169146483,9/9/17,475,,,,PL 1651600,M,M,5,0,45-64,M,ASIAN / PACIFIC ISLANDER
167497068,7/27/17,109,"ASSAULT 2,1,UNCLASSIFIED",106,FELONY ASSAULT,PL 1200502,F,B,44,0,25-44,F,BLACK
167320550,7/23/17,175,"SEXUAL ABUSE 3,2",233,FORCIBLE TOUCHING,PL 1305200,M,M,14,0,25-44,M,BLACK
167710120,8/2/17,153,RAPE 3,104,RAPE,PL 1302502,F,K,79,0,25-44,M,BLACK
167209809,7/19/17,105,STRANGULATION 1ST,106,FELONY ASSAULT,PL 1211300,F,K,73,0,45-64,M,BLACK
167434136,7/26/17,475,,,,PL 1651600,M,Q,115,1,45-64,F,ASIAN / PACIFIC ISLANDER
167158223,7/18/17,175,"SEXUAL ABUSE 3,2",233,SEX CRIMES,PL 13052A1,M,Q,100,0,45-64,M,WHITE
167455204,7/26/17,155,RAPE 2,104,RAPE,PL 1303001,F,Q,112,0,<18,M,BLACK
167699510,8/2/17,397,"ROBBERY,UNCLASSIFIED,OPEN AREAS",105,ROBBERY,PL 1601001,F,S,120,0,<18,M,BLACK
167917671,8/9/17,105,STRANGULATION 1ST,106,FELONY ASSAULT,PL 1211200,F,K,70,0,25-44,M,WHITE
167202042,7/19/17,567,"MARIJUANA, POSSESSION 4 & 5",235,DANGEROUS DRUGS,PL 2211001,M,Q,110,0,25-44,M,WHITE HISPANIC
168028306,8/11/17,109,"ASSAULT 2,1,UNCLASSIFIED",106,FELONY ASSAULT,PL 1200502,F,M,25,0,65+,M,WHITE HISPANIC
167234550,7/20/17,263,"ARSON 2,3,4",114,ARSON,PL 1501001,F,K,63,97,25-44,M,BLACK
167285540,7/21/17,153,RAPE 3,104,RAPE,PL 1302502,F,Q,113,0,25-44,M,BLACK
167540235,7/29/17,101,ASSAULT 3,344,ASSAULT 3 & RELATED OFFENSES,PL 1200001,M,B,40,0,25-44,M,BLACK
167851113,8/7/17,681,"CHILD, ENDANGERING WELFARE",233,SEX CRIMES,PL 2601001,M,B,42,0,18-24,M,BLACK
167365489,7/24/17,475,,,,PL 1651600,M,M,32,0,45-64,M,BLACK
167274785,7/21/17,397,"ROBBERY,UNCLASSIFIED,OPEN AREAS",105,ROBBERY,PL 1600500,F,K,77,0,45-64,M,BLACK
167710805,8/3/17,157,RAPE 1,104,RAPE,PL 1303501,F,M,33,0,25-44,M,BLACK
167898990,8/8/17,475,,,,PL 1651601,M,Q,103,1,25-44,M,BLACK
167401151,7/25/17,101,ASSAULT 3,344,ASSAULT 3 & RELATED OFFENSES,PL 1200001,M,B,43,0,25-44,M,BLACK
167789369,8/5/17,263,"ARSON 2,3,4",114,ARSON,PL 1501500,F,B,42,2,25-44,M,BLACK
167159918,7/18/17,105,STRANGULATION 1ST,106,FELONY ASSAULT,PL 1211200,F,Q,109,0,45-64,M,WHITE
168000252,8/11/17,792,WEAPONS POSSESSION 1 & 2,118,DANGEROUS WEAPONS,PL 265031B,F,K,60,0,25-44,M,BLACK
167884360,8/8/17,175,"SEXUAL ABUSE 3,2",233,SEX CRIMES,PL 13052A1,M,Q,113,0,25-44,M,BLACK
167439361,7/26/17,273,"TAMPERING 1,CRIMINAL",121,CRIMINAL MISCHIEF & RELATED OFFENSES,PL 1452000,F,Q,103,1,25-44,M,BLACK
163298965,3/30/17,168,SODOMY 1,116,SEX CRIMES,PL 1305003,F,Q,112,0,<18,M,WHITE
167881745,8/8/17,101,ASSAULT 3,344,ASSAULT 3 & RELATED OFFENSES,PL 1200001,M,B,49,0,25-44,M,BLACK
167760445,8/4/17,157,RAPE 1,104,RAPE,PL 1303501,F,B,41,0,45-64,M,BLACK
167959851,8/10/17,157,RAPE 1,104,RAPE,PL 1303504,F,B,52,0,45-64,M,BLACK HISPANIC
167190251,7/17/17,175,"SEXUAL ABUSE 3,2",233,SEX CRIMES,PL 13052A1,M,Q,103,0,45-64,M,BLACK
167153458,7/18/17,739,IDENTITY THFT-2,112,THEFT-FRAUD,PL 1907901,F,M,5,0,25-44,F,WHITE
166562483,6/29/17,101,ASSAULT 3,344,ASSAULT 3 & RELATED OFFENSES,PL 1200001,M,S,120,0,25-44,M,BLACK
166291320,6/21/17,101,ASSAULT 3,344,ASSAULT 3 & RELATED OFFENSES,PL 1200001,M,B,43,0,45-64,M,BLACK
166959083,7/12/17,397,"ROBBERY,UNCLASSIFIED,OPEN AREAS",105,ROBBERY,PL 1601001,F,S,120,0,<18,M,BLACK HISPANIC
166401421,6/24/17,567,"MARIJUANA, POSSESSION 4 & 5",235,DANGEROUS DRUGS,PL 2211001,M,K,73,0,45-64,M,BLACK
166353688,6/23/17,175,"SEXUAL ABUSE 3,2",233,FORCIBLE TOUCHING,PL 1305200,M,Q,109,0,25-44,M,BLACK
167086185,7/15/17,197,COERCION 1,126,MISCELLANEOUS PENAL LAW,PL 1356501,F,K,79,0,25-44,F,BLACK
166580054,6/29/17,793,WEAPONS POSSESSION 3,118,DANGEROUS WEAPONS,PL 2650206,F,B,47,0,18-24,M,BLACK
166876975,7/9/17,567,"MARIJUANA, POSSESSION 4 & 5",235,DANGEROUS DRUGS,PL 2211001,M,B,44,0,25-44,M,WHITE
166575352,6/29/17,397,"ROBBERY,UNCLASSIFIED,OPEN AREAS",105,ROBBERY,PL 160102A,F,S,120,9,<18,M,BLACK
166729211,7/5/17,105,STRANGULATION 1ST,106,FELONY ASSAULT,PL 1211200,F,Q,103,0,25-44,F,UNKNOWN
166421375,6/25/17,203,"TRESPASS 3, CRIMINAL",352,CRIMINAL TRESPASS,PL 140100A,M,M,6,0,25-44,F,WHITE
166540999,6/28/17,567,"MARIJUANA, POSSESSION 4 & 5",235,DANGEROUS DRUGS,PL 2211001,M,K,69,0,18-24,M,BLACK
166530397,6/28/17,105,STRANGULATION 1ST,106,FELONY ASSAULT,PL 1211300,F,B,43,0,25-44,F,BLACK
166908956,7/10/17,105,STRANGULATION 1ST,106,FELONY ASSAULT,PL 1211200,F,B,43,0,25-44,M,BLACK
166803561,7/6/17,397,"ROBBERY,UNCLASSIFIED,OPEN AREAS",105,ROBBERY,PL 1601504,F,K,76,0,25-44,M,BLACK
166880651,7/9/17,153,RAPE 3,104,RAPE,PL 1302502,F,Q,112,0,25-44,M,WHITE HISPANIC
166743256,7/5/17,153,RAPE 3,104,RAPE,PL 1302501,F,K,67,0,25-44,M,BLACK
167005591,7/13/17,101,ASSAULT 3,344,ASSAULT 3 & RELATED OFFENSES,PL 1200001,M,B,41,0,25-44,M,BLACK
165349159,5/31/17,707,"IMPERSONATION 2, PUBLIC SERVANT",340,FRAUDS,PL 1902300,M,K,73,0,25-44,M,BLACK
165260452,5/28/17,101,ASSAULT 3,344,ASSAULT 3 & RELATED OFFENSES,PL 1200001,M,B,43,0,18-24,M,BLACK
165521010,6/5/17,223,"BURGLARY,RESIDENCE,NIGHT",107,BURGLARY,PL 1402502,F,K,71,0,25-44,M,BLACK
166064394,6/14/17,101,ASSAULT 3,344,ASSAULT 3 & RELATED OFFENSES,PL 1200001,M,K,67,0,<18,M,BLACK
165686422,6/9/17,569,"MARIJUANA, SALE 4 & 5",235,DANGEROUS DRUGS,PL 2214000,M,M,7,0,25-44,M,BLACK
166184657,6/19/17,105,STRANGULATION 1ST,106,FELONY ASSAULT,PL 1211200,F,S,120,0,25-44,M,BLACK
165385291,6/1/17,244,"BURGLARY,UNCLASSIFIED,UNKNOWN TIME",107,BURGLARY,PL 1402000,F,Q,100,0,25-44,M,WHITE
165427632,6/2/17,157,RAPE 1,104,RAPE,PL 1303501,F,M,25,0,25-44,M,BLACK
166166973,6/18/17,729,"FORGERY,ETC.,UNCLASSIFIED-FELONY",113,FORGERY,PL 1702500,F,K,71,0,18-24,M,BLACK
165516400,6/5/17,567,"MARIJUANA, POSSESSION 4 & 5",235,DANGEROUS DRUGS,PL 2211001,M,M,13,0,18-24,M,BLACK
166166538,6/17/17,569,"MARIJUANA, SALE 4 & 5",235,DANGEROUS DRUGS,PL 2213500,M,K,73,2,45-64,M,BLACK
165552473,6/6/17,475,,,,PL 1651600,M,M,25,1,18-24,M,UNKNOWN
165215809,5/26/17,782,"WEAPONS, POSSESSION, ETC",236,DANGEROUS WEAPONS,PL 2650102,M,M,32,0,25-44,M,BLACK
166062640,6/14/17,475,,,,PL 1651600,M,K,79,1,25-44,M,WHITE
166155305,6/17/17,475,,,,PL 1651600,M,M,25,1,25-44,M,BLACK HISPANIC
165323211,5/30/17,155,RAPE 2,104,RAPE,PL 1303002,F,K,77,0,25-44,M,BLACK
166139897,6/16/17,101,ASSAULT 3,344,ASSAULT 3 & RELATED OFFENSES,PL 1200002,M,K,72,0,65+,M,WHITE
166206767,6/19/17,782,"WEAPONS, POSSESSION, ETC",236,DANGEROUS WEAPONS,PL 2650102,M,M,5,1,25-44,M,BLACK
164758271,5/13/17,779,"PUBLIC ADMINISTRATION,UNCLASSIFIED FELONY",126,MISCELLANEOUS PENAL LAW,PL 2052501,F,B,41,72,18-24,F,BLACK
164318261,5/1/17,105,STRANGULATION 1ST,106,FELONY ASSAULT,PL 1211200,F,B,47,0,18-24,M,BLACK
164239882,4/28/17,109,"ASSAULT 2,1,UNCLASSIFIED",106,FELONY ASSAULT,PL 1200501,F,M,6,1,18-24,M,WHITE HISPANIC
164391069,5/3/17,203,"TRESPASS 3, CRIMINAL",352,CRIMINAL TRESPASS,PL 1401000,M,M,14,15,65+,M,WHITE
164700021,5/11/17,569,"MARIJUANA, SALE 4 & 5",235,DANGEROUS DRUGS,PL 2214000,M,M,20,0,18-24,M,BLACK
165068725,5/23/17,105,STRANGULATION 1ST,106,FELONY ASSAULT,PL 1211300,F,K,61,0,25-44,M,WHITE
164920914,5/18/17,567,"MARIJUANA, POSSESSION 4 & 5",235,DANGEROUS DRUGS,PL 2211001,M,K,68,0,18-24,F,WHITE
164537265,5/7/17,109,"ASSAULT 2,1,UNCLASSIFIED",106,FELONY ASSAULT,PL 1200502,F,B,40,2,45-64,M,BLACK
164606956,5/9/17,567,"MARIJUANA, POSSESSION 4 & 5",235,DANGEROUS DRUGS,PL 2211001,M,M,33,0,25-44,F,BLACK
164853533,5/16/17,263,"ARSON 2,3,4",114,ARSON,PL 1501001,F,M,7,0,<18,M,WHITE HISPANIC
164699976,5/11/17,105,STRANGULATION 1ST,106,FELONY ASSAULT,PL 1211200,F,B,47,0,18-24,M,BLACK
164497512,5/6/17,105,STRANGULATION 1ST,106,FELONY ASSAULT,PL 1211200,F,K,67,0,45-64,M,BLACK
164680760,5/11/17,739,IDENTITY THFT-2,112,THEFT-FRAUD,PL 1907903,F,M,5,0,25-44,M,BLACK
164260947,4/28/17,168,SODOMY 1,116,SEX CRIMES,PL 1305001,F,K,77,0,<18,M,WHITE HISPANIC
164519130,5/7/17,782,"WEAPONS, POSSESSION, ETC",236,DANGEROUS WEAPONS,PL 2650101,M,B,47,0,18-24,M,BLACK
164738539,5/12/17,567,"MARIJUANA, POSSESSION 4 & 5",235,DANGEROUS DRUGS,PL 2211001,M,K,76,0,25-44,M,BLACK
164296766,4/30/17,475,,,,PL 1651600,M,B,43,0,25-44,M,WHITE HISPANIC
164813778,5/15/17,101,ASSAULT 3,344,ASSAULT 3 & RELATED OFFENSES,PL 1200001,M,M,5,2,<18,F,BLACK
164996748,5/20/17,707,"IMPERSONATION 2, PUBLIC SERVANT",340,FRAUDS,PL 1902300,M,K,72,1,18-24,M,WHITE
164620199,5/9/17,397,"ROBBERY,UNCLASSIFIED,OPEN AREAS",105,ROBBERY,PL 1601001,F,K,83,0,18-24,M,BLACK
164606971,5/9/17,511,"CONTROLLED SUBSTANCE, POSSESSION 7",235,DANGEROUS DRUGS,PL 2200300,M,Q,103,0,25-44,M,WHITE
164456599,5/4/17,101,ASSAULT 3,344,ASSAULT 3 & RELATED OFFENSES,PL 1200001,M,K,71,0,18-24,F,WHITE
164447690,5/4/17,475,,,,PL 1651601,M,M,14,1,25-44,M,WHITE
164597387,5/9/17,105,STRANGULATION 1ST,106,FELONY ASSAULT,PL 1211200,F,B,49,0,25-44,M,BLACK
164511347,5/6/17,157,RAPE 1,104,RAPE,PL 1303501,F,Q,102,0,<18,M,BLACK HISPANIC
164691315,5/11/17,475,,,,PL 1651601,M,B,40,1,45-64,M,BLACK
164445521,5/4/17,475,,,,PL 1651600,M,M,13,1,45-64,M,WHITE
164913315,5/18/17,198,CRIMINAL CONTEMPT 1,126,MISCELLANEOUS PENAL LAW,PL 21551B3,F,K,67,0,45-64,M,BLACK
165002330,5/21/17,101,ASSAULT 3,344,ASSAULT 3 & RELATED OFFENSES,PL 1200001,M,B,49,0,18-24,M,BLACK
164926701,5/18/17,157,RAPE 1,104,RAPE,PL 1303501,F,K,77,0,25-44,M,WHITE HISPANIC
164567630,5/8/17,101,ASSAULT 3,344,ASSAULT 3 & RELATED OFFENSES,PL 1200001,M,M,34,0,25-44,M,BLACK
163534001,4/6/17,223,"BURGLARY,RESIDENCE,NIGHT",107,BURGLARY,PL 1402502,F,K,84,0,25-44,M,WHITE
163657984,4/10/17,157,RAPE 1,104,RAPE,PL 1303501,F,Q,114,0,25-44,M,BLACK HISPANIC
163886237,4/18/17,157,RAPE 1,104,RAPE,PL 1303501,F,K,77,0,45-64,M,WHITE HISPANIC
163760422,4/13/17,101,ASSAULT 3,344,ASSAULT 3 & RELATED OFFENSES,PL 1200001,M,B,43,2,<18,M,BLACK
163418193,4/3/17,153,RAPE 3,104,RAPE,PL 1302503,F,M,23,2,25-44,M,BLACK
163498356,4/5/17,203,"TRESPASS 3, CRIMINAL",352,CRIMINAL TRESPASS,PL 140100A,M,K,68,0,25-44,M,WHITE
163660517,4/10/17,750,RESISTING ARREST,359,OFFENSES AGAINST PUBLIC ADMINISTRATION,PL 2053000,M,K,66,0,18-24,M,WHITE HISPANIC
163430846,4/3/17,106,"ASSAULT 2,1,PEACE OFFICER",106,FELONY ASSAULT,PL 1200800,F,B,48,0,25-44,M,WHITE HISPANIC
163806859,4/15/17,548,"GAMBLING, DEVICE, POSSESSION",350,GAMBLING,PL 2253002,M,M,30,0,18-24,M,BLACK
163609060,4/9/17,101,ASSAULT 3,344,ASSAULT 3 & RELATED OFFENSES,PL 1200001,M,B,43,2,25-44,F,BLACK
163986648,4/20/17,105,STRANGULATION 1ST,106,FELONY ASSAULT,PL 1211200,F,B,41,0,18-24,M,BLACK
163872974,4/17/17,168,SODOMY 1,116,SEX CRIMES,PL 1305003,F,S,120,0,18-24,M,BLACK
163766399,4/13/17,782,"WEAPONS, POSSESSION, ETC",236,DANGEROUS WEAPONS,PL 2650101,M,Q,104,0,25-44,M,WHITE
163929016,4/19/17,475,,,,PL 1651600,M,B,44,0,25-44,M,BLACK
163869215,4/17/17,101,ASSAULT 3,344,ASSAULT 3 & RELATED OFFENSES,PL 1200001,M,K,75,0,<18,M,BLACK
163725643,4/12/17,179,SEXUAL ABUSE 1,116,SEX CRIMES,PL 1306503,F,M,25,0,<18,M,WHITE HISPANIC
164134474,4/25/17,739,IDENTITY THFT-1,112,THEFT-FRAUD,PL 1908001,F,M,13,0,18-24,M,WHITE
163672562,4/11/17,105,STRANGULATION 1ST,106,FELONY ASSAULT,PL 1211200,F,S,121,0,25-44,M,WHITE
164043843,4/22/17,101,ASSAULT 3,344,ASSAULT 3 & RELATED OFFENSES,PL 1200001,M,B,45,0,25-44,F,BLACK
163927316,4/19/17,223,"BURGLARY,RESIDENCE,NIGHT",107,BURGLARY,PL 1403002,F,K,81,0,<18,F,BLACK
163755226,4/13/17,742,ESCAPE 3,237,ESCAPE 3,PL 2050500,M,B,46,0,18-24,M,BLACK HISPANIC
164020008,4/21/17,567,"MARIJUANA, POSSESSION 4 & 5",235,DANGEROUS DRUGS,PL 2211001,M,Q,113,0,25-44,M,BLACK
164006822,4/21/17,223,"BURGLARY,RESIDENCE,NIGHT",107,BURGLARY,PL 1403002,F,K,81,0,<18,F,BLACK
163500648,4/5/17,475,,,,PL 1651600,M,B,48,1,25-44,M,BLACK
163467988,4/4/17,793,WEAPONS POSSESSION 3,118,DANGEROUS WEAPONS,PL 2650201,F,S,121,0,<18,M,BLACK
163568016,4/7/17,176,,,,PL 1309600,F,B,46,0,25-44,M,BLACK
163896984,4/18/17,475,,,,PL 1651601,M,M,25,1,25-44,M,WHITE HISPANIC
163568011,4/7/17,175,"SEXUAL ABUSE 3,2",233,FORCIBLE TOUCHING,PL 1305200,M,B,41,0,45-64,M,WHITE
163934385,4/19/17,101,ASSAULT 3,344,ASSAULT 3 & RELATED OFFENSES,PL 1200001,M,B,47,0,18-24,M,BLACK
163678591,4/11/17,157,RAPE 1,104,RAPE,PL 1303501,F,Q,113,0,25-44,M,BLACK
164083935,4/24/17,101,ASSAULT 3,344,ASSAULT 3 & RELATED OFFENSES,PL 1200001,M,M,33,0,25-44,F,BLACK
163307903,3/30/17,397,"ROBBERY,UNCLASSIFIED,OPEN AREAS",105,ROBBERY,PL 1601001,F,K,70,0,<18,M,BLACK
163251461,3/29/17,105,STRANGULATION 1ST,106,FELONY ASSAULT,PL 121120T,F,M,33,0,25-44,M,ASIAN / PACIFIC ISLANDER
163378438,4/1/17,177,,,,PL 1306504,F,Q,112,0,45-64,M,WHITE HISPANIC
162900363,3/17/17,569,"MARIJUANA, SALE 4 & 5",235,DANGEROUS DRUGS,PL 2214000,M,K,77,0,<18,M,BLACK
163381566,4/2/17,175,"SEXUAL ABUSE 3,2",233,FORCIBLE TOUCHING,PL 1305200,M,S,122,0,25-44,M,WHITE
162645007,3/9/17,475,,,,PL 1651600,M,B,44,1,25-44,M,BLACK
163282410,3/29/17,101,ASSAULT 3,344,ASSAULT 3 & RELATED OFFENSES,PL 1200001,M,B,41,0,25-44,M,BLACK
162622178,3/8/17,515,"CONTROLLED SUBSTANCE,SALE 3",117,DANGEROUS DRUGS,PL 2203901,F,Q,103,0,25-44,M,BLACK
162993901,3/21/17,105,STRANGULATION 1ST,106,FELONY ASSAULT,PL 1211200,F,B,46,0,25-44,M,WHITE HISPANIC
162705520,3/11/17,205,"TRESPASS 2, CRIMINAL",352,CRIMINAL TRESPASS,PL 1401500,M,M,25,2,45-64,M,BLACK
162897481,3/17/17,157,RAPE 1,104,RAPE,PL 1303504,F,K,77,0,25-44,M,WHITE HISPANIC
163004618,3/21/17,101,ASSAULT 3,344,ASSAULT 3 & RELATED OFFENSES,PL 1200001,M,K,71,0,25-44,F,BLACK
162836918,3/15/17,475,,,,PL 1651600,M,M,28,1,18-24,M,BLACK
163150808,3/25/17,101,ASSAULT 3,344,ASSAULT 3 & RELATED OFFENSES,PL 1200001,M,K,90,2,25-44,M,BLACK
163150826,3/25/17,157,RAPE 1,104,RAPE,PL 1303501,F,M,9,0,25-44,M,WHITE HISPANIC
163364130,4/1/17,105,STRANGULATION 1ST,106,FELONY ASSAULT,PL 1211200,F,B,40,0,25-44,M,BLACK
162919173,3/18/17,515,"CONTROLLED SUBSTANCE,SALE 3",117,DANGEROUS DRUGS,PL 2203901,F,M,14,0,25-44,F,BLACK
163283943,3/29/17,729,"FORGERY,ETC.,UNCLASSIFIED-FELONY",113,FORGERY,PL 1702500,F,K,90,0,25-44,F,BLACK
162762215,3/13/17,175,"SEXUAL ABUSE 3,2",233,SEX CRIMES,PL 13052A1,M,M,5,0,25-44,M,WHITE
162625266,3/8/17,739,IDENTITY THFT-2,112,THEFT-FRAUD,PL 1907901,F,K,90,0,18-24,M,WHITE
162857430,3/16/17,101,ASSAULT 3,344,ASSAULT 3 & RELATED OFFENSES,PL 1200001,M,M,32,2,18-24,M,BLACK
162851069,3/16/17,475,,,,PL 1651601,M,Q,115,1,45-64,F,ASIAN / PACIFIC ISLANDER
163283936,3/29/17,105,STRANGULATION 1ST,106,FELONY ASSAULT,PL 1211200,F,K,75,0,25-44,M,BLACK
162913527,3/18/17,101,ASSAULT 3,344,ASSAULT 3 & RELATED OFFENSES,PL 1200001,M,K,73,0,45-64,M,BLACK
162372220,3/1/17,792,WEAPONS POSSESSION 1 & 2,118,DANGEROUS WEAPONS,PL 2650901,F,K,63,0,18-24,M,BLACK
157381596,10/6/16,157,RAPE 1,104,RAPE,PL 1303501,F,B,45,0,18-24,M,BLACK
162485964,3/4/17,181,"IMPRISONMENT 2,UNLAWFUL",355,OFFENSES AGAINST THE PERSON,PL 1350500,M,B,46,0,18-24,M,BLACK
162479929,3/4/17,109,"ASSAULT 2,1,UNCLASSIFIED",106,FELONY ASSAULT,PL 1200501,F,B,44,0,25-44,M,BLACK
162394052,3/2/17,223,"BURGLARY,RESIDENCE,NIGHT",107,BURGLARY,PL 1402502,F,M,28,0,25-44,M,BLACK
162203544,2/23/17,567,"MARIJUANA, POSSESSION 4 & 5",235,DANGEROUS DRUGS,PL 2211001,M,B,52,0,18-24,M,BLACK
162235354,2/24/17,729,"FORGERY,ETC.,UNCLASSIFIED-FELONY",113,FORGERY,PL 1702500,F,K,79,0,18-24,M,BLACK
162109104,2/21/17,153,RAPE 3,104,RAPE,PL 1302503,F,B,46,0,25-44,M,BLACK
162246270,2/24/17,263,"ARSON 2,3,4",114,ARSON,PL 1500501,F,K,60,2,<18,M,BLACK
162470493,3/4/17,168,SODOMY 1,116,SEX CRIMES,PL 1305003,F,K,81,0,<18,M,BLACK
162003971,2/16/17,475,,,,PL 1651600,M,B,40,1,45-64,M,BLACK
161893127,2/14/17,475,,,,PL 1651600,M,K,77,1,45-64,M,BLACK
161967124,2/16/17,203,"TRESPASS 3, CRIMINAL",352,CRIMINAL TRESPASS,PL 140100E,M,K,69,0,<18,M,BLACK
162168847,2/22/17,153,RAPE 3,104,RAPE,PL 1302501,F,Q,101,0,18-24,M,BLACK
162365750,3/1/17,515,"CONTROLLED SUBSTANCE,SALE 3",117,DANGEROUS DRUGS,PL 2203901,F,M,5,0,25-44,M,BLACK
162470344,3/3/17,475,,,,PL 1651600,M,B,42,1,25-44,M,WHITE HISPANIC
162431752,3/2/17,792,WEAPONS POSSESSION 1 & 2,118,DANGEROUS WEAPONS,PL 265031B,F,K,60,0,25-44,M,BLACK
162029329,2/17/17,523,SALE SCHOOL GROUNDS,117,DANGEROUS DRUGS,PL 2204401,F,M,25,0,18-24,M,BLACK
162425449,3/2/17,515,"CONTROLLED SUBSTANCE,SALE 3",117,DANGEROUS DRUGS,PL 2203901,F,M,28,0,25-44,M,BLACK
162194538,2/23/17,101,ASSAULT 3,344,ASSAULT 3 & RELATED OFFENSES,PL 1200001,M,B,44,0,45-64,M,BLACK
162388351,3/1/17,157,RAPE 1,104,RAPE,PL 1303501,F,B,41,0,25-44,M,BLACK
161892468,2/13/17,567,"MARIJUANA, POSSESSION 4 & 5",235,DANGEROUS DRUGS,PL 2211001,M,B,40,0,18-24,M,BLACK
162137942,2/21/17,101,ASSAULT 3,344,ASSAULT 3 & RELATED OFFENSES,PL 1200001,M,S,120,0,25-44,M,BLACK
162391989,3/1/17,175,"SEXUAL ABUSE 3,2",233,FORCIBLE TOUCHING,PL 1305200,M,M,14,0,25-44,M,BLACK
162324211,2/28/17,792,WEAPONS POSSESSION 1 & 2,118,DANGEROUS WEAPONS,PL 2650302,F,M,5,0,25-44,M,BLACK
162163757,2/22/17,179,SEXUAL ABUSE 1,116,SEX CRIMES,PL 1306503,F,K,84,0,65+,M,WHITE HISPANIC
161641517,2/6/17,665,,,,PL 4902001,F,K,79,0,45-64,M,BLACK
161580803,2/3/17,475,,,,PL 1651600,M,M,5,1,25-44,M,WHITE HISPANIC
161514626,2/1/17,105,STRANGULATION 1ST,106,FELONY ASSAULT,PL 1211200,F,Q,113,0,25-44,M,BLACK
161444034,1/30/17,397,"ROBBERY,UNCLASSIFIED,OPEN AREAS",105,ROBBERY,PL 1600500,F,B,46,0,18-24,M,BLACK HISPANIC
161636996,2/5/17,109,"ASSAULT 2,1,UNCLASSIFIED",106,FELONY ASSAULT,PL 1201001,F,M,5,72,18-24,M,BLACK
161171133,1/28/17,760,"BRIBERY,PUBLIC ADMINISTRATION",126,MISCELLANEOUS PENAL LAW,PL 2154002,F,K,60,0,<18,M,BLACK
161456580,1/31/17,101,ASSAULT 3,344,ASSAULT 3 & RELATED OFFENSES,PL 1200001,M,B,45,0,45-64,M,BLACK
160637181,1/24/17,475,,,,PL 1651600,M,M,7,0,45-64,M,ASIAN / PACIFIC ISLANDER
161710948,2/7/17,101,ASSAULT 3,344,ASSAULT 3 & RELATED OFFENSES,PL 1200001,M,K,79,0,25-44,F,BLACK
161148638,1/27/17,109,"ASSAULT 2,1,UNCLASSIFIED",106,FELONY ASSAULT,PL 1200502,F,K,75,0,25-44,M,BLACK
160572578,1/23/17,792,WEAPONS POSSESSION 1 & 2,118,DANGEROUS WEAPONS,PL 2650400,F,K,84,2,25-44,M,BLACK
161802150,2/10/17,223,"BURGLARY,RESIDENCE,NIGHT",107,BURGLARY,PL 1402502,F,B,48,0,<18,F,WHITE HISPANIC
160780157,1/24/17,397,"ROBBERY,UNCLASSIFIED,OPEN AREAS",105,ROBBERY,PL 160102A,F,K,71,0,25-44,M,BLACK
160650984,1/24/17,105,STRANGULATION 1ST,106,FELONY ASSAULT,PL 1211200,F,B,52,0,25-44,M,BLACK
160493257,1/22/17,157,RAPE 1,104,RAPE,PL 1303501,F,M,25,0,25-44,M,WHITE HISPANIC
161456578,1/31/17,513,,,,PL 2207700,F,B,44,0,45-64,M,WHITE HISPANIC
160435342,1/19/17,739,IDENTITY THFT-2,112,THEFT-FRAUD,PL 1907901,F,K,84,0,25-44,M,WHITE
161705219,2/7/17,793,WEAPONS POSSESSION 3,118,DANGEROUS WEAPONS,PL 2650201,F,Q,113,0,25-44,M,BLACK
161092887,1/26/17,101,ASSAULT 3,344,ASSAULT 3 & RELATED OFFENSES,PL 1200001,M,M,7,0,45-64,M,BLACK
161739428,2/8/17,244,"BURGLARY,UNCLASSIFIED,UNKNOWN TIME",107,BURGLARY,PL 1402000,F,Q,106,0,45-64,M,BLACK
161749400,2/8/17,101,ASSAULT 3,344,ASSAULT 3 & RELATED OFFENSES,PL 1200001,M,Q,105,0,<18,F,BLACK
160248729,1/13/17,101,ASSAULT 3,344,ASSAULT 3 & RELATED OFFENSES,PL 1200001,M,K,71,0,<18,F,BLACK
159826602,1/1/17,101,ASSAULT 3,344,ASSAULT 3 & RELATED OFFENSES,PL 1200001,M,M,9,2,25-44,F,BLACK
159826601,1/1/17,175,"SEXUAL ABUSE 3,2",233,FORCIBLE TOUCHING,PL 1305200,M,M,14,0,25-44,M,BLACK
159678410,12/27/16,105,STRANGULATION 1ST,106,FELONY ASSAULT,PL 1211200,F,K,77,0,25-44,M,BLACK
160323529,1/16/17,175,"SEXUAL ABUSE 3,2",233,SEX CRIMES,PL 13052A1,M,K,70,0,65+,M,BLACK
159966656,1/5/17,109,"ASSAULT 2,1,UNCLASSIFIED",106,FELONY ASSAULT,PL 1200501,F,M,32,0,25-44,M,BLACK
159955977,1/5/17,157,RAPE 1,104,RAPE,PL 1303501,F,M,19,0,25-44,M,WHITE
159615143,12/23/16,879,"ADM.CODE,UNCLASSIFIED VIOLATION",675,ADMINISTRATIVE CODE,AC 010125B,V,K,73,0,25-44,M,BLACK
160056170,1/8/17,168,SODOMY 1,116,SEX CRIMES,PL 1305001,F,K,77,0,<18,M,WHITE HISPANIC
159667543,12/26/16,101,ASSAULT 3,344,ASSAULT 3 & RELATED OFFENSES,PL 1200001,M,Q,103,0,18-24,F,BLACK
159636146,12/25/16,105,STRANGULATION 1ST,106,FELONY ASSAULT,PL 1211200,F,B,41,0,45-64,M,BLACK
159802845,12/30/16,175,"SEXUAL ABUSE 3,2",233,FORCIBLE TOUCHING,PL 1305200,M,M,18,0,25-44,M,BLACK
159814507,12/31/16,157,RAPE 1,104,RAPE,PL 1303501,F,B,49,0,18-24,M,BLACK
159780967,12/30/16,397,"ROBBERY,UNCLASSIFIED,OPEN AREAS",105,ROBBERY,PL 1601504,F,Q,110,0,<18,M,BLACK
160103137,1/10/17,203,"TRESPASS 3, CRIMINAL",352,CRIMINAL TRESPASS,PL 140100A,M,K,60,1,25-44,M,WHITE
160310104,1/16/17,109,"ASSAULT 2,1,UNCLASSIFIED",106,FELONY ASSAULT,PL 1200501,F,K,71,0,25-44,M,BLACK
160181170,1/11/17,569,"MARIJUANA, SALE 4 & 5",235,DANGEROUS DRUGS,PL 2214000,M,Q,105,0,25-44,M,BLACK
160163651,1/11/17,566,"MARIJUANA, POSSESSION",678,MISCELLANEOUS PENAL LAW,PL 2210500,V,M,7,2,<18,M,WHITE HISPANIC
159694963,12/27/16,586,,,,PL 2303400,F,M,28,0,25-44,M,BLACK
159908463,1/3/17,109,"ASSAULT 2,1,UNCLASSIFIED",106,FELONY ASSAULT,PL 1200502,F,M,30,0,<18,F,BLACK
159968273,1/5/17,569,"MARIJUANA, SALE 4 & 5",235,DANGEROUS DRUGS,PL 2214000,M,M,6,0,45-64,M,BLACK
160031735,1/6/17,105,STRANGULATION 1ST,106,FELONY ASSAULT,PL 1211200,F,K,71,0,25-44,F,BLACK
159974096,1/5/17,179,SEXUAL ABUSE 1,116,SEX CRIMES,PL 1306503,F,Q,112,0,<18,M,WHITE
160359928,1/17/17,203,"TRESPASS 3, CRIMINAL",352,CRIMINAL TRESPASS,PL 140100E,M,B,40,2,25-44,M,BLACK
159687169,12/27/16,475,,,,PL 1651601,M,M,14,1,18-24,M,BLACK
160006419,1/6/17,515,"CONTROLLED SUBSTANCE,SALE 3",117,DANGEROUS DRUGS,PL 2203901,F,Q,103,0,45-64,M,BLACK
160181160,1/11/17,705,"FORGERY,ETC.-MISD.",358,OFFENSES INVOLVING FRAUD,PL 1657100,M,M,1,0,25-44,M,BLACK
159972006,1/5/17,475,,,,PL 1651600,M,Q,103,1,18-24,M,WHITE HISPANIC
159384542,12/15/16,175,"SEXUAL ABUSE 3,2",233,SEX CRIMES,PL 13052A1,M,M,14,0,25-44,M,BLACK
159198097,12/8/16,475,,,,PL 1651601,M,M,28,0,18-24,M,BLACK
159381145,12/15/16,109,"ASSAULT 2,1,UNCLASSIFIED",106,FELONY ASSAULT,PL 1200501,F,K,66,0,45-64,M,WHITE
158811390,11/26/16,101,ASSAULT 3,344,ASSAULT 3 & RELATED OFFENSES,PL 1200001,M,K,77,0,25-44,M,BLACK
159117335,12/6/16,397,"ROBBERY,UNCLASSIFIED,OPEN AREAS",105,ROBBERY,PL 1601504,F,M,5,0,25-44,M,BLACK
159484516,12/19/16,175,"SEXUAL ABUSE 3,2",233,FORCIBLE TOUCHING,PL 1305200,M,M,13,97,45-64,M,BLACK
154414011,6/28/16,475,,,,PL 1651601,M,B,44,1,25-44,M,BLACK
159033193,12/3/16,511,"CONTROLLED SUBSTANCE, POSSESSION 7",235,DANGEROUS DRUGS,PL 2200300,M,S,120,0,25-44,M,WHITE
159161590,12/7/16,567,"MARIJUANA, POSSESSION 4 & 5",235,DANGEROUS DRUGS,PL 2211001,M,K,71,0,25-44,M,BLACK
159181386,12/8/16,729,"FORGERY,ETC.,UNCLASSIFIED-FELONY",113,FORGERY,PL 1703000,F,M,14,0,45-64,M,WHITE
159032085,12/3/16,511,"CONTROLLED SUBSTANCE, POSSESSION 7",235,DANGEROUS DRUGS,PL 2200300,M,S,123,0,18-24,M,WHITE
159014723,12/2/16,792,WEAPONS POSSESSION 1 & 2,118,DANGEROUS WEAPONS,PL 265101B,F,B,41,0,18-24,M,BLACK
159345770,12/14/16,515,"CONTROLLED SUBSTANCE,SALE 3",117,DANGEROUS DRUGS,PL 2203901,F,K,79,0,25-44,M,BLACK
158864917,11/28/16,750,RESISTING ARREST,359,OFFENSES AGAINST PUBLIC ADMINISTRATION,PL 2053000,M,B,43,0,25-44,M,BLACK
159003311,12/2/16,157,RAPE 1,104,RAPE,PL 1303501,F,M,30,0,45-64,M,BLACK
159035131,12/3/16,168,SODOMY 1,116,SEX CRIMES,PL 1305003,F,Q,112,0,<18,M,BLACK
159006995,12/2/16,475,,,,PL 1651600,M,Q,103,1,18-24,M,BLACK
159163479,12/7/16,515,"CONTROLLED SUBSTANCE,SALE 3",117,DANGEROUS DRUGS,PL 2203901,F,B,47,0,25-44,M,BLACK
158781964,11/25/16,101,ASSAULT 3,344,ASSAULT 3 & RELATED OFFENSES,PL 1200001,M,Q,105,0,18-24,M,BLACK
159144648,12/7/16,101,ASSAULT 3,344,ASSAULT 3 & RELATED OFFENSES,PL 1204501,M,S,120,0,25-44,M,BLACK
159403707,12/16/16,175,"SEXUAL ABUSE 3,2",233,FORCIBLE TOUCHING,PL 1305200,M,Q,112,0,25-44,M,BLACK
159240413,12/10/16,569,"MARIJUANA, SALE 4 & 5",235,DANGEROUS DRUGS,PL 2214000,M,B,40,0,45-64,M,BLACK
159241588,12/11/16,475,,,,PL 1651600,M,M,26,1,25-44,M,BLACK
158790867,11/25/16,475,,,,PL 1651600,M,B,44,1,<18,M,WHITE HISPANIC
158800880,11/25/16,177,,,,PL 1306504,F,Q,103,0,25-44,M,WHITE HISPANIC
158946867,11/30/16,764,BAIL JUMPING 1 & 2,126,MISCELLANEOUS PENAL LAW,PL 2155600,F,Q,101,0,25-44,M,BLACK
158508043,11/15/16,155,RAPE 2,104,RAPE,PL 1303001,F,B,43,0,<18,M,BLACK
158221651,11/4/16,475,,,,PL 1651601,M,M,28,1,25-44,M,WHITE HISPANIC
158510882,11/15/16,523,SALE SCHOOL GROUNDS,117,DANGEROUS DRUGS,PL 2204402,F,M,32,0,45-64,M,BLACK
158577553,11/17/16,101,ASSAULT 3,344,ASSAULT 3 & RELATED OFFENSES,PL 1200001,M,K,61,0,25-44,M,BLACK
158025156,10/28/16,101,ASSAULT 3,344,ASSAULT 3 & RELATED OFFENSES,PL 1200001,M,K,83,0,25-44,F,BLACK
158610704,11/18/16,101,ASSAULT 3,344,ASSAULT 3 & RELATED OFFENSES,PL 1200001,M,K,75,0,25-44,M,WHITE
158413542,11/11/16,339,"LARCENY,PETIT FROM OPEN AREAS,UNCLASSIFIED",341,PETIT LARCENY,PL 1552500,M,K,68,0,25-44,M,WHITE
157976324,10/27/16,157,RAPE 1,104,RAPE,PL 1303501,F,M,25,0,25-44,M,WHITE
158517412,11/15/16,175,"SEXUAL ABUSE 3,2",233,SEX CRIMES,PL 13052A1,M,M,25,0,25-44,M,WHITE HISPANIC
158621290,11/18/16,475,,,,PL 1651600,M,M,14,1,45-64,M,WHITE HISPANIC
158407947,11/11/16,105,STRANGULATION 1ST,106,FELONY ASSAULT,PL 1211300,F,K,77,0,25-44,M,BLACK
158590557,11/17/16,263,"ARSON 2,3,4",114,ARSON,PL 1501500,F,M,13,0,25-44,M,BLACK
158585986,11/17/16,105,STRANGULATION 1ST,106,FELONY ASSAULT,PL 1211200,F,B,40,0,25-44,M,BLACK
158413528,11/11/16,515,"CONTROLLED SUBSTANCE,SALE 3",117,DANGEROUS DRUGS,PL 2203901,F,B,40,0,45-64,M,BLACK
158314541,11/8/16,101,ASSAULT 3,344,ASSAULT 3 & RELATED OFFENSES,PL 1200001,M,K,70,0,25-44,F,BLACK
158694811,11/21/16,153,RAPE 3,104,RAPE,PL 1302501,F,B,41,0,25-44,M,WHITE HISPANIC
158033222,10/29/16,440,,,,PL 1553502,F,Q,102,0,45-64,F,BLACK HISPANIC
158650239,11/19/16,203,"TRESPASS 3, CRIMINAL",352,CRIMINAL TRESPASS,PL 140100E,M,M,23,0,25-44,M,BLACK
158248825,11/5/16,101,ASSAULT 3,344,ASSAULT 3 & RELATED OFFENSES,PL 1200001,M,B,50,0,18-24,M,WHITE
158467878,11/14/16,475,,,,PL 1651600,M,B,44,1,25-44,M,BLACK
157936748,10/26/16,109,"ASSAULT 2,1,UNCLASSIFIED",106,FELONY ASSAULT,PL 1200504,F,K,83,0,18-24,M,BLACK
157992862,10/27/16,567,"MARIJUANA, POSSESSION 4 & 5",235,DANGEROUS DRUGS,PL 2211001,M,B,52,0,25-44,M,BLACK
157843267,10/23/16,101,ASSAULT 3,344,ASSAULT 3 & RELATED OFFENSES,PL 1200001,M,M,10,0,25-44,M,BLACK
157835577,10/23/16,792,WEAPONS POSSESSION 1 & 2,118,DANGEROUS WEAPONS,PL 265031B,F,M,32,0,25-44,M,BLACK
157626683,10/15/16,725,"FORGERY,M.V. REGISTRATION",113,FORGERY,PL 1701002,F,B,48,0,18-24,M,BLACK
157733974,10/19/16,157,RAPE 1,104,RAPE,PL 1303501,F,M,23,0,45-64,M,BLACK HISPANIC
157492955,10/11/16,166,SODOMY 2,116,SEX CRIMES,PL 1304501,F,M,24,0,45-64,M,BLACK
157613253,10/14/16,567,"MARIJUANA, POSSESSION 4 & 5",235,DANGEROUS DRUGS,PL 2211001,M,M,30,0,18-24,M,WHITE
157986560,10/27/16,515,"CONTROLLED SUBSTANCE,SALE 3",117,DANGEROUS DRUGS,PL 2203901,F,K,79,0,25-44,M,BLACK
157558838,10/13/16,179,SEXUAL ABUSE 1,116,SEX CRIMES,PL 1306503,F,B,46,0,25-44,M,BLACK HISPANIC
157552434,10/13/16,729,"FORGERY,ETC.,UNCLASSIFIED-FELONY",113,FORGERY,PL 1702500,F,Q,114,0,25-44,M,BLACK
157750101,10/19/16,109,"ASSAULT 2,1,UNCLASSIFIED",106,FELONY ASSAULT,PL 1200502,F,S,121,0,<18,M,BLACK
157295392,10/4/16,101,ASSAULT 3,344,ASSAULT 3 & RELATED OFFENSES,PL 1200001,M,K,70,0,18-24,M,BLACK
157319425,10/5/16,440,,,,PL 1553502,F,M,19,0,25-44,M,WHITE
157582265,10/13/16,705,"FORGERY,ETC.-MISD.",358,OFFENSES INVOLVING FRAUD,PL 1702000,M,M,25,0,25-44,M,BLACK
157672835,10/17/16,101,ASSAULT 3,344,ASSAULT 3 & RELATED OFFENSES,PL 1200001,M,Q,104,0,25-44,M,BLACK HISPANIC
157683999,10/17/16,567,"MARIJUANA, POSSESSION 4 & 5",235,DANGEROUS DRUGS,PL 2211001,M,K,71,0,25-44,M,BLACK
157166203,9/30/16,440,,,,PL 1553502,F,M,34,0,18-24,M,WHITE HISPANIC
157994179,10/27/16,586,,,,PL 2303405,F,B,47,0,18-24,F,BLACK
157546353,10/13/16,203,"TRESPASS 3, CRIMINAL",352,CRIMINAL TRESPASS,PL 1401000,M,B,48,0,25-44,M,BLACK
157700511,10/18/16,397,"ROBBERY,UNCLASSIFIED,OPEN AREAS",105,ROBBERY,PL 1601502,F,B,47,0,18-24,M,BLACK
157775934,10/20/16,153,RAPE 3,104,RAPE,PL 1302501,F,B,46,0,<18,M,WHITE HISPANIC
157809986,10/21/16,101,ASSAULT 3,344,ASSAULT 3 & RELATED OFFENSES,PL 1200001,M,K,67,0,45-64,M,BLACK
157983785,10/27/16,475,,,,PL 1651600,M,Q,103,1,45-64,M,BLACK
157640795,10/16/16,157,RAPE 1,104,RAPE,PL 1303502,F,Q,111,0,45-64,M,WHITE
157744897,10/18/16,511,"CONTROLLED SUBSTANCE, POSSESSION 7",235,DANGEROUS DRUGS,PL 2200300,M,Q,102,0,18-24,M,BLACK
157869066,10/24/16,515,"CONTROLLED SUBSTANCE,SALE 3",117,DANGEROUS DRUGS,PL 2203901,F,M,33,0,45-64,M,BLACK
157702937,10/18/16,175,"SEXUAL ABUSE 3,2",233,FORCIBLE TOUCHING,PL 1305200,M,Q,102,0,25-44,M,BLACK
157311574,10/5/16,729,"FORGERY,ETC.,UNCLASSIFIED-FELONY",113,FORGERY,PL 1702500,F,K,78,0,18-24,M,BLACK
157479562,10/10/16,707,"IMPERSONATION 2, PUBLIC SERVANT",340,FRAUDS,PL 1902300,M,Q,103,0,25-44,M,BLACK
157327324,10/5/16,223,"BURGLARY,RESIDENCE,NIGHT",107,BURGLARY,PL 1402502,F,M,32,0,<18,F,BLACK
157396106,10/7/16,101,ASSAULT 3,344,ASSAULT 3 & RELATED OFFENSES,PL 1200001,M,B,42,0,18-24,M,BLACK
157386990,10/7/16,729,"FORGERY,ETC.,UNCLASSIFIED-FELONY",113,FORGERY,PL 1703000,F,M,25,0,18-24,M,BLACK
157535239,10/12/16,594,OBSCENITY 1,116,SEX CRIMES,PL 2631600,F,K,62,0,45-64,M,WHITE
156549821,9/9/16,567,"MARIJUANA, POSSESSION 4 & 5",235,DANGEROUS DRUGS,PL 2211001,M,Q,105,0,18-24,M,BLACK
156804393,9/18/16,464,JOSTLING,230,JOSTLING,PL 1652501,M,M,6,0,18-24,M,BLACK
156837188,9/19/16,101,ASSAULT 3,344,ASSAULT 3 & RELATED OFFENSES,PL 1200001,M,Q,114,0,25-44,M,UNKNOWN
156823076,9/19/16,101,ASSAULT 3,344,ASSAULT 3 & RELATED OFFENSES,PL 1200001,M,S,120,0,25-44,M,BLACK
156606396,9/11/16,705,"FORGERY,ETC.-MISD.",358,OFFENSES INVOLVING FRAUD,PL 1657100,M,M,18,0,45-64,M,BLACK
156868400,9/20/16,164,SODOMY 3,116,SEX CRIMES,PL 1304001,F,B,44,0,45-64,M,BLACK
156969583,9/23/16,567,"MARIJUANA, POSSESSION 4 & 5",235,DANGEROUS DRUGS,PL 2211001,M,B,49,0,18-24,M,BLACK
156985179,9/24/16,244,"BURGLARY,UNCLASSIFIED,UNKNOWN TIME",107,BURGLARY,PL 1402000,F,Q,113,0,25-44,M,BLACK
156552508,9/9/16,166,SODOMY 2,116,SEX CRIMES,PL 1304501,F,K,67,0,45-64,M,BLACK
157185433,9/30/16,157,RAPE 1,104,RAPE,PL 1303501,F,M,7,0,45-64,M,BLACK
156914316,9/21/16,153,RAPE 3,104,RAPE,PL 1302503,F,B,47,0,<18,M,BLACK
156713127,9/14/16,569,"MARIJUANA, SALE 4 & 5",235,DANGEROUS DRUGS,PL 2214000,M,B,52,0,65+,M,BLACK
157188783,9/30/16,475,,,,PL 1651600,M,M,7,1,25-44,M,BLACK
156802309,9/17/16,729,"FORGERY,ETC.,UNCLASSIFIED-FELONY",113,FORGERY,PL 1702500,F,K,71,0,25-44,M,BLACK
157263038,10/3/16,782,"WEAPONS, POSSESSION, ETC",236,DANGEROUS WEAPONS,PL 2650101,M,B,52,0,<18,M,BLACK
156939624,9/22/16,223,"BURGLARY,RESIDENCE,NIGHT",107,BURGLARY,PL 1402502,F,Q,100,0,<18,M,BLACK
156910625,9/21/16,155,RAPE 2,104,RAPE,PL 1303001,F,B,46,0,18-24,M,WHITE HISPANIC
157150126,9/29/16,729,"FORGERY,ETC.,UNCLASSIFIED-FELONY",113,FORGERY,PL 1702500,F,M,9,0,18-24,F,BLACK
156683595,9/13/16,223,"BURGLARY,RESIDENCE,NIGHT",107,BURGLARY,PL 1402502,F,K,75,0,<18,F,BLACK
156949100,9/22/16,157,RAPE 1,104,RAPE,PL 1303501,F,M,32,0,<18,M,WHITE HISPANIC
157160411,9/29/16,168,SODOMY 1,116,SEX CRIMES,PL 1305004,F,K,75,0,18-24,M,WHITE HISPANIC
156584134,9/10/16,475,,,,PL 1651601,M,M,14,1,45-64,M,BLACK
156864173,9/20/16,475,,,,PL 1651600,M,B,44,1,18-24,M,BLACK
156574712,9/9/16,739,IDENTITY THFT-1,112,THEFT-FRAUD,PL 1908001,F,Q,103,2,45-64,F,BLACK
156742444,9/15/16,475,,,,PL 1651600,M,B,43,1,18-24,M,BLACK
156396126,9/2/16,475,,,,PL 1651600,M,B,46,0,18-24,M,BLACK HISPANIC
156263257,8/29/16,170,"SEXUAL MISCONDUCT,INTERCOURSE",233,SEX CRIMES,PL 1302001,M,Q,113,0,25-44,M,BLACK
156206988,8/27/16,101,ASSAULT 3,344,ASSAULT 3 & RELATED OFFENSES,PL 1200001,M,Q,103,0,<18,M,BLACK
156504276,9/7/16,101,ASSAULT 3,344,ASSAULT 3 & RELATED OFFENSES,PL 1200001,M,S,121,0,<18,M,WHITE
156403462,9/3/16,105,STRANGULATION 1ST,106,FELONY ASSAULT,PL 1211200,F,B,43,0,25-44,M,WHITE HISPANIC
156091696,8/24/16,729,"FORGERY,ETC.,UNCLASSIFIED-FELONY",113,FORGERY,PL 1701004,F,K,79,1,25-44,M,BLACK
156395296,9/2/16,809,TAX LAW,364,OTHER STATE LAWS (NON PENAL LA,TAX18140B2,M,M,34,0,18-24,M,UNKNOWN
155822577,8/16/16,475,,,,PL 1651601,M,M,28,0,25-44,M,BLACK
156191789,8/27/16,567,"MARIJUANA, POSSESSION 4 & 5",235,DANGEROUS DRUGS,PL 2211001,M,K,73,0,18-24,M,BLACK
155991513,8/21/16,567,"MARIJUANA, POSSESSION 4 & 5",235,DANGEROUS DRUGS,PL 2211001,M,B,42,2,18-24,M,BLACK
156340171,8/31/16,205,"TRESPASS 2, CRIMINAL",352,CRIMINAL TRESPASS,PL 1401500,M,K,70,0,<18,M,WHITE
155883761,8/17/16,567,"MARIJUANA, POSSESSION 4 & 5",235,DANGEROUS DRUGS,PL 2211001,M,K,81,0,18-24,F,BLACK
156545823,9/8/16,101,ASSAULT 3,344,ASSAULT 3 & RELATED OFFENSES,PL 1200001,M,K,77,0,45-64,M,BLACK
156287477,8/30/16,109,"ASSAULT 2,1,UNCLASSIFIED",106,FELONY ASSAULT,PL 1200507,F,B,41,72,18-24,M,BLACK
156415420,9/3/16,569,"MARIJUANA, SALE 4 & 5",235,DANGEROUS DRUGS,PL 2214000,M,K,77,0,25-44,M,BLACK
156502303,9/7/16,109,"ASSAULT 2,1,UNCLASSIFIED",106,FELONY ASSAULT,PL 1200502,F,Q,105,0,25-44,M,BLACK
156363219,9/1/16,567,"MARIJUANA, POSSESSION 4 & 5",235,DANGEROUS DRUGS,PL 2211001,M,B,40,2,25-44,M,BLACK
156530063,9/8/16,764,BAIL JUMPING 1 & 2,126,MISCELLANEOUS PENAL LAW,PL 2155600,F,Q,102,0,25-44,M,WHITE HISPANIC
156098327,8/24/16,475,,,,PL 1651600,M,B,40,1,25-44,M,BLACK
156046731,8/23/16,101,ASSAULT 3,344,ASSAULT 3 & RELATED OFFENSES,PL 1200001,M,M,17,0,25-44,M,WHITE
155883915,8/17/16,567,"MARIJUANA, POSSESSION 4 & 5",235,DANGEROUS DRUGS,PL 2211001,M,K,60,0,25-44,F,BLACK
156338634,8/31/16,440,,,,PL 1553502,F,K,77,0,18-24,M,BLACK
155945656,8/19/16,101,ASSAULT 3,344,ASSAULT 3 & RELATED OFFENSES,PL 1200001,M,K,68,0,65+,F,WHITE
156323559,8/31/16,109,"ASSAULT 2,1,UNCLASSIFIED",106,FELONY ASSAULT,PL 1200502,F,B,48,0,45-64,M,BLACK
155865118,8/17/16,175,"SEXUAL ABUSE 3,2",233,FORCIBLE TOUCHING,PL 1305200,M,K,84,72,25-44,M,BLACK
156288851,8/30/16,115,RECKLESS ENDANGERMENT 2,355,OFFENSES AGAINST THE PERSON,PL 1202000,M,K,60,0,18-24,F,BLACK
155216002,7/26/16,157,RAPE 1,104,RAPE,PL 1303501,F,M,30,0,18-24,M,WHITE HISPANIC
155706248,8/11/16,101,ASSAULT 3,344,ASSAULT 3 & RELATED OFFENSES,PL 1200001,M,K,67,0,<18,M,BLACK
155133680,7/22/16,681,"CHILD, ENDANGERING WELFARE",233,SEX CRIMES,PL 2601001,M,M,25,0,25-44,F,WHITE
155752688,8/13/16,105,STRANGULATION 1ST,106,FELONY ASSAULT,PL 1211200,F,K,69,0,25-44,M,BLACK
155432069,8/2/16,101,ASSAULT 3,344,ASSAULT 3 & RELATED OFFENSES,PL 1200001,M,M,1,0,<18,F,BLACK
155692256,8/11/16,503,"CONTROLLED SUBSTANCE,INTENT TO SELL 3",117,DANGEROUS DRUGS,PL 2201601,F,M,14,0,25-44,M,WHITE
155423764,8/2/16,175,"SEXUAL ABUSE 3,2",233,FORCIBLE TOUCHING,PL 1305200,M,Q,102,0,45-64,M,BLACK
155378162,8/1/16,175,"SEXUAL ABUSE 3,2",233,SEX CRIMES,PL 13052A1,M,M,14,0,25-44,M,BLACK
155428217,8/2/16,764,BAIL JUMPING 1 & 2,126,MISCELLANEOUS PENAL LAW,PL 2155600,F,M,32,0,18-24,M,BLACK
155294895,7/28/16,203,"TRESPASS 3, CRIMINAL",352,CRIMINAL TRESPASS,PL 1401000,M,K,71,0,<18,M,BLACK
155335647,7/29/16,397,"ROBBERY,UNCLASSIFIED,OPEN AREAS",105,ROBBERY,PL 1600500,F,K,83,0,25-44,M,BLACK
155661912,8/10/16,175,"SEXUAL ABUSE 3,2",233,FORCIBLE TOUCHING,PL 1305200,M,B,41,0,<18,M,BLACK
155429643,8/2/16,263,"ARSON 2,3,4",114,ARSON,PL 1501500,F,B,44,71,25-44,F,BLACK
155129470,7/22/16,101,ASSAULT 3,344,ASSAULT 3 & RELATED OFFENSES,PL 1200001,M,B,44,0,18-24,F,BLACK
155570034,8/7/16,739,IDENTITY THFT-2,112,THEFT-FRAUD,PL 1907901,F,Q,103,0,18-24,F,BLACK
155647781,8/10/16,209,"BURGLARS TOOLS,UNCLASSIFIED",231,BURGLAR'S TOOLS,PL 1403500,M,M,28,1,25-44,M,WHITE
155728765,8/12/16,177,,,,PL 1306504,F,Q,112,0,25-44,M,BLACK
155575356,8/8/16,157,RAPE 1,104,RAPE,PL 1303501,F,K,77,0,18-24,M,WHITE HISPANIC
155759481,8/14/16,105,STRANGULATION 1ST,106,FELONY ASSAULT,PL 1211200,F,Q,104,0,45-64,M,WHITE HISPANIC
155534653,8/5/16,544,"GAMBLING 2,PROMOTING,UNCLASSIFIED",350,GAMBLING,PL 2250500,M,K,75,2,18-24,M,BLACK
155634319,8/9/16,742,ESCAPE 3,237,ESCAPE 3,PL 2050500,M,Q,105,0,25-44,F,BLACK
155087931,7/21/16,729,"FORGERY,ETC.,UNCLASSIFIED-FELONY",113,FORGERY,PL 1701501,F,K,61,0,25-44,M,UNKNOWN
154743819,7/10/16,440,,,,PL 1553502,F,M,13,0,25-44,M,BLACK
154684213,7/7/16,397,"ROBBERY,UNCLASSIFIED,OPEN AREAS",105,ROBBERY,PL 1601001,F,K,68,0,<18,M,WHITE
154981880,7/18/16,168,SODOMY 1,116,SEX CRIMES,PL 1305002,F,M,5,73,65+,M,WHITE HISPANIC
154852004,7/14/16,792,WEAPONS POSSESSION 1 & 2,118,DANGEROUS WEAPONS,PL 265101B,F,Q,101,0,<18,M,BLACK
155032304,7/20/16,101,ASSAULT 3,344,ASSAULT 3 & RELATED OFFENSES,PL 1200001,M,M,14,0,45-64,M,BLACK
154459168,6/29/16,203,"TRESPASS 3, CRIMINAL",352,CRIMINAL TRESPASS,PL 140100A,M,B,44,0,25-44,M,BLACK
155101952,7/21/16,113,"MENACING,UNCLASSIFIED",344,ASSAULT 3 & RELATED OFFENSES,PL 1201401,M,K,69,0,<18,F,BLACK
154531272,7/2/16,101,ASSAULT 3,344,ASSAULT 3 & RELATED OFFENSES,PL 1200001,M,B,44,0,<18,F,BLACK HISPANIC
154798998,7/12/16,707,"IMPERSONATION 2, PUBLIC SERVANT",340,FRAUDS,PL 1902300,M,K,70,0,25-44,M,BLACK
154981835,7/18/16,739,IDENTITY THFT-1,112,THEFT-FRAUD,PL 1908003,F,M,5,0,25-44,F,BLACK
154679282,7/7/16,441,"LARCENY,GRAND OF AUTO",110,GRAND LARCENY OF MOTOR VEHICLE,PL 1553008,F,K,75,0,25-44,M,BLACK
154643591,7/6/16,397,"ROBBERY,UNCLASSIFIED,OPEN AREAS",105,ROBBERY,PL 1601001,F,K,77,0,18-24,M,BLACK
154942018,7/16/16,569,"MARIJUANA, SALE 4 & 5",235,DANGEROUS DRUGS,PL 2214000,M,B,41,0,25-44,M,WHITE HISPANIC
154680759,7/7/16,109,"ASSAULT 2,1,UNCLASSIFIED",106,FELONY ASSAULT,PL 1201001,F,K,79,0,25-44,F,BLACK
154690476,7/8/16,586,,,,PL 230345A,F,B,44,0,18-24,M,BLACK HISPANIC
154318325,6/25/16,523,SALE SCHOOL GROUNDS,117,DANGEROUS DRUGS,PL 2204402,F,M,28,0,25-44,M,BLACK
154916274,7/15/16,105,STRANGULATION 1ST,106,FELONY ASSAULT,PL 1211200,F,B,46,0,25-44,M,WHITE
154576099,7/4/16,153,RAPE 3,104,RAPE,PL 1302503,F,S,120,0,25-44,M,BLACK HISPANIC
154830155,7/13/16,569,"MARIJUANA, SALE 4 & 5",235,DANGEROUS DRUGS,PL 2214000,M,B,42,0,<18,M,BLACK
154656066,7/7/16,397,"ROBBERY,UNCLASSIFIED,OPEN AREAS",105,ROBBERY,PL 1600500,F,K,60,0,45-64,M,BLACK
154590978,7/5/16,155,RAPE 2,104,RAPE,PL 1303001,F,B,40,0,25-44,M,WHITE HISPANIC
154434197,6/29/16,293,"CONSPIRACY 2, 1",126,MISCELLANEOUS PENAL LAW,PL 1051500,F,M,26,0,<18,M,BLACK
153804671,6/8/16,397,"ROBBERY,UNCLASSIFIED,OPEN AREAS",105,ROBBERY,PL 1601001,F,B,43,0,<18,M,BLACK
153914236,6/12/16,397,"ROBBERY,UNCLASSIFIED,OPEN AREAS",105,ROBBERY,PL 1601001,F,K,77,0,<18,M,BLACK
153845872,6/9/16,475,,,,PL 1651600,M,B,41,1,25-44,M,BLACK
153840259,6/9/16,223,"BURGLARY,RESIDENCE,NIGHT",107,BURGLARY,PL 1402502,F,M,32,0,25-44,M,WHITE HISPANIC
153862372,6/9/16,101,ASSAULT 3,344,ASSAULT 3 & RELATED OFFENSES,PL 1200001,M,Q,113,0,45-64,M,WHITE
154240258,6/22/16,177,,,,PL 1306504,F,M,25,0,18-24,M,BLACK HISPANIC
154189648,6/21/16,475,,,,PL 1651600,M,M,1,1,25-44,M,BLACK
154071439,6/16/16,175,"SEXUAL ABUSE 3,2",233,FORCIBLE TOUCHING,PL 1305200,M,K,75,0,25-44,M,BLACK
153927502,6/12/16,157,RAPE 1,104,RAPE,PL 1303501,F,Q,100,0,45-64,M,WHITE HISPANIC
153822646,6/8/16,729,"FORGERY,ETC.,UNCLASSIFIED-FELONY",113,FORGERY,PL 1702500,F,Q,113,0,25-44,M,BLACK
153642253,6/2/16,101,ASSAULT 3,344,ASSAULT 3 & RELATED OFFENSES,PL 1200001,M,B,41,0,18-24,F,BLACK
154187962,6/21/16,101,ASSAULT 3,344,ASSAULT 3 & RELATED OFFENSES,PL 1200001,M,B,47,0,25-44,M,BLACK
154060801,6/16/16,153,RAPE 3,104,RAPE,PL 1302502,F,K,77,0,18-24,M,WHITE HISPANIC
154069714,6/16/16,879,"ADM.CODE,UNCLASSIFIED VIOLATION",675,ADMINISTRATIVE CODE,AC 010125B,V,K,70,0,25-44,M,BLACK
154034589,6/15/16,175,"SEXUAL ABUSE 3,2",233,SEX CRIMES,PL 13052A1,M,M,14,0,25-44,M,WHITE
154015930,6/15/16,293,"CONSPIRACY 2, 1",126,MISCELLANEOUS PENAL LAW,PL 1051700,F,M,33,0,18-24,M,BLACK
153736805,6/6/16,157,RAPE 1,104,RAPE,PL 1303501,F,K,67,0,45-64,M,BLACK
153834550,6/9/16,101,ASSAULT 3,344,ASSAULT 3 & RELATED OFFENSES,PL 1200001,M,Q,100,0,18-24,F,BLACK
153700662,6/5/16,905,"INTOXICATED DRIVING,ALCOHOL",347,INTOXICATED & IMPAIRED DRIVING,VTL11920U2,M,M,13,0,25-44,F,WHITE
153920651,6/12/16,879,"ADM.CODE,UNCLASSIFIED VIOLATION",675,ADMINISTRATIVE CODE,AC 010125B,V,K,73,0,45-64,M,BLACK
154101282,6/17/16,567,"MARIJUANA, POSSESSION 4 & 5",235,DANGEROUS DRUGS,PL 2211001,M,M,17,0,25-44,F,BLACK
154054018,6/16/16,105,STRANGULATION 1ST,106,FELONY ASSAULT,PL 1211300,F,K,77,0,18-24,M,BLACK
154094122,6/17/16,101,ASSAULT 3,344,ASSAULT 3 & RELATED OFFENSES,PL 1200001,M,B,50,0,18-24,M,BLACK
154283361,6/23/16,244,"BURGLARY,UNCLASSIFIED,UNKNOWN TIME",107,BURGLARY,PL 1402000,F,K,75,0,18-24,M,BLACK
153489811,5/28/16,101,ASSAULT 3,344,ASSAULT 3 & RELATED OFFENSES,PL 1200001,M,M,28,0,18-24,M,BLACK
153154563,5/17/16,523,SALE SCHOOL GROUNDS,117,DANGEROUS DRUGS,PL 2204402,F,M,33,0,45-64,M,BLACK
153292803,5/21/16,109,"ASSAULT 2,1,UNCLASSIFIED",106,FELONY ASSAULT,PL 1200501,F,K,90,0,25-44,F,WHITE HISPANIC
153500935,5/29/16,101,ASSAULT 3,344,ASSAULT 3 & RELATED OFFENSES,PL 1200001,M,K,77,0,25-44,F,BLACK
153195508,5/18/16,197,COERCION 1,126,MISCELLANEOUS PENAL LAW,PL 2151501,F,K,63,0,45-64,F,BLACK
153204249,5/18/16,793,WEAPONS POSSESSION 3,118,DANGEROUS WEAPONS,PL 2650201,F,K,81,2,<18,F,BLACK
153191046,5/18/16,101,ASSAULT 3,344,ASSAULT 3 & RELATED OFFENSES,PL 1200001,M,M,23,0,18-24,F,BLACK
153344448,5/23/16,397,"ROBBERY,UNCLASSIFIED,OPEN AREAS",105,ROBBERY,PL 1600500,F,M,28,0,25-44,M,BLACK
153070219,5/14/16,203,"TRESPASS 3, CRIMINAL",352,CRIMINAL TRESPASS,PL 1401000,M,K,61,0,18-24,M,WHITE
153396272,5/25/16,397,"ROBBERY,UNCLASSIFIED,OPEN AREAS",105,ROBBERY,PL 160102A,F,M,34,1,<18,M,BLACK
152956673,5/11/16,109,"ASSAULT 2,1,UNCLASSIFIED",106,FELONY ASSAULT,PL 1200501,F,S,120,0,<18,M,WHITE
152996521,5/12/16,263,"ARSON 2,3,4",114,ARSON,PL 1501500,F,B,41,72,18-24,M,BLACK
153036328,5/13/16,263,"ARSON 2,3,4",114,ARSON,PL 1501500,F,B,41,72,18-24,M,BLACK
153393912,5/25/16,157,RAPE 1,104,RAPE,PL 1303501,F,B,41,0,45-64,M,BLACK
153402309,5/25/16,339,"LARCENY,PETIT FROM OPEN AREAS,UNCLASSIFIED",341,PETIT LARCENY,PL 1552500,M,K,70,0,25-44,F,BLACK
153348183,5/24/16,101,ASSAULT 3,344,ASSAULT 3 & RELATED OFFENSES,PL 1200001,M,K,70,0,25-44,F,BLACK
153015491,5/12/16,177,,,,PL 1306504,F,K,84,0,25-44,M,ASIAN / PACIFIC ISLANDER
153335765,5/23/16,475,,,,PL 1651601,M,M,25,1,25-44,M,BLACK
153332170,5/23/16,397,"ROBBERY,UNCLASSIFIED,OPEN AREAS",105,ROBBERY,PL 1601502,F,B,46,0,25-44,M,WHITE HISPANIC
153049817,5/13/16,475,,,,PL 1651600,M,B,40,1,45-64,M,BLACK
153486148,5/28/16,109,"ASSAULT 2,1,UNCLASSIFIED",106,FELONY ASSAULT,PL 1200502,F,K,88,0,45-64,M,BLACK
153474288,5/27/16,113,"MENACING,UNCLASSIFIED",344,ASSAULT 3 & RELATED OFFENSES,PL 1201500,M,K,73,0,25-44,M,BLACK
153039138,5/13/16,101,ASSAULT 3,344,ASSAULT 3 & RELATED OFFENSES,PL 1200001,M,M,5,0,18-24,F,BLACK
152620510,4/29/16,157,RAPE 1,104,RAPE,PL 1303501,F,B,46,0,45-64,M,BLACK HISPANIC
152349264,4/20/16,157,RAPE 1,104,RAPE,PL 1303501,F,K,77,0,25-44,M,BLACK
152730597,5/3/16,793,WEAPONS POSSESSION 3,118,DANGEROUS WEAPONS,PL 2650201,F,M,9,2,25-44,M,WHITE HISPANIC
152618628,4/29/16,729,"FORGERY,ETC.,UNCLASSIFIED-FELONY",113,FORGERY,PL 1701004,F,M,26,1,25-44,M,BLACK
152858677,5/8/16,101,ASSAULT 3,344,ASSAULT 3 & RELATED OFFENSES,PL 1200001,M,M,7,0,25-44,F,WHITE
152940036,5/10/16,419,"LARCENY,GRAND FROM PERSON,UNCLASSIFIED",109,GRAND LARCENY,PL 1553005,F,K,73,0,<18,M,BLACK
152366935,4/21/16,153,RAPE 3,104,RAPE,PL 1302503,F,S,120,0,18-24,M,WHITE
152668340,5/2/16,109,"ASSAULT 2,1,UNCLASSIFIED",106,FELONY ASSAULT,PL 1200501,F,Q,107,0,45-64,F,WHITE
152547424,4/27/16,101,ASSAULT 3,344,ASSAULT 3 & RELATED OFFENSES,PL 1200001,M,K,70,0,25-44,M,WHITE
152757576,5/4/16,105,STRANGULATION 1ST,106,FELONY ASSAULT,PL 1211200,F,K,75,0,18-24,M,BLACK
152244461,4/18/16,175,"SEXUAL ABUSE 3,2",233,SEX CRIMES,PL 13052A1,M,Q,103,0,25-44,M,BLACK
152854395,5/7/16,847,"NY STATE LAWS,UNCLASSIFIED FELONY",125,OTHER STATE LAWS,VTL0511003,F,K,73,0,45-64,M,BLACK
152520937,4/26/16,203,"TRESPASS 3, CRIMINAL",352,CRIMINAL TRESPASS,PL 1401000,M,Q,115,0,<18,M,WHITE HISPANIC
152698194,5/3/16,475,,,,PL 1651600,M,B,44,1,45-64,M,WHITE
152834276,5/6/16,109,"ASSAULT 2,1,UNCLASSIFIED",106,FELONY ASSAULT,PL 1200501,F,Q,114,0,45-64,M,WHITE
152714545,5/3/16,105,STRANGULATION 1ST,106,FELONY ASSAULT,PL 1211200,F,K,72,0,25-44,M,BLACK
152837433,5/7/16,157,RAPE 1,104,RAPE,PL 1303501,F,B,49,2,25-44,M,BLACK
152688750,5/2/16,681,"CHILD, ENDANGERING WELFARE",233,SEX CRIMES,PL 2601001,M,Q,101,0,25-44,M,BLACK
152588140,4/28/16,672,RIOT 1,126,MISCELLANEOUS PENAL LAW,PL 2400600,F,B,44,2,18-24,M,BLACK
152255710,4/19/16,49,"US CODE,UNCLASSIFIED",995,F.C.A. P.I.N.O.S.,FOA9000049,,M,5,0,25-44,M,BLACK
152299810,4/19/16,244,"BURGLARY,UNCLASSIFIED,UNKNOWN TIME",107,BURGLARY,PL 1402000,F,M,28,0,25-44,M,BLACK
152750919,5/4/16,101,ASSAULT 3,344,ASSAULT 3 & RELATED OFFENSES,PL 1200001,M,K,81,0,25-44,M,BLACK
152059297,4/12/16,155,RAPE 2,104,RAPE,PL 1303001,F,K,77,0,18-24,M,BLACK
152086208,4/13/16,101,ASSAULT 3,344,ASSAULT 3 & RELATED OFFENSES,PL 1204501,M,K,77,0,25-44,M,BLACK
151573740,3/26/16,729,"FORGERY,ETC.,UNCLASSIFIED-FELONY",113,FORGERY,PL 1702500,F,K,78,0,25-44,M,BLACK
151791936,4/3/16,793,WEAPONS POSSESSION 3,118,DANGEROUS WEAPONS,PL 2650201,F,B,40,0,18-24,M,BLACK
151749342,4/1/16,793,WEAPONS POSSESSION 3,118,DANGEROUS WEAPONS,PL 2650201,F,M,23,0,25-44,M,BLACK
152161050,4/15/16,157,RAPE 1,104,RAPE,PL 1303504,F,K,77,0,25-44,M,BLACK HISPANIC
151691036,3/30/16,729,"FORGERY,ETC.,UNCLASSIFIED-FELONY",113,FORGERY,PL 1702500,F,Q,113,0,25-44,M,BLACK
151918979,4/7/16,703,"CHECK,BAD",340,FRAUDS,PL 1900501,M,K,94,0,25-44,F,WHITE
151812856,4/4/16,922,"TRAFFIC,UNCLASSIFIED MISDEMEANOR",348,VEHICLE AND TRAFFIC LAWS,VTL0512000,M,Q,113,0,25-44,M,BLACK
151607265,3/28/16,397,"ROBBERY,UNCLASSIFIED,OPEN AREAS",105,ROBBERY,PL 1600500,F,B,40,0,25-44,M,BLACK
151537663,3/24/16,263,"ARSON 2,3,4",114,ARSON,PL 1501500,F,S,121,0,25-44,M,BLACK
151861048,4/6/16,922,"TRAFFIC,UNCLASSIFIED MISDEMEAN",348,VEHICLE AND TRAFFIC LAWS,VTL0511001,M,M,26,0,25-44,F,BLACK
152096189,4/13/16,782,"WEAPONS, POSSESSION, ETC",236,DANGEROUS WEAPONS,PL 2650101,M,Q,114,0,25-44,F,WHITE
151608959,3/28/16,475,,,,PL 1651600,M,M,14,1,45-64,M,BLACK
151619889,3/29/16,101,ASSAULT 3,344,ASSAULT 3 & RELATED OFFENSES,PL 1200001,M,K,73,0,25-44,M,BLACK
152004811,4/10/16,179,SEXUAL ABUSE 1,116,SEX CRIMES,PL 1306502,F,M,34,0,45-64,M,BLACK HISPANIC
152003708,4/10/16,339,"LARCENY,PETIT FROM OPEN AREAS,UNCLASSIFIED",341,PETIT LARCENY,PL 1552500,M,Q,114,0,25-44,M,BLACK
151859935,4/6/16,729,"FORGERY,ETC.,UNCLASSIFIED-FELONY",113,FORGERY,PL 1701501,F,Q,106,0,25-44,M,BLACK
151338481,3/18/16,792,WEAPONS POSSESSION 1 & 2,118,DANGEROUS WEAPONS,PL 265031B,F,B,50,0,18-24,M,BLACK
151309934,3/18/16,523,SALE SCHOOL GROUNDS,117,DANGEROUS DRUGS,PL 2204401,F,M,14,0,25-44,M,BLACK
151056985,3/9/16,513,,,,PL 2207703,F,M,5,97,45-64,M,WHITE HISPANIC
151304576,3/17/16,567,"MARIJUANA, POSSESSION 4 & 5",235,DANGEROUS DRUGS,PL 2211001,M,K,84,0,18-24,M,BLACK HISPANIC
151134384,3/11/16,109,"ASSAULT 2,1,UNCLASSIFIED",106,FELONY ASSAULT,PL 1201200,F,K,84,0,25-44,M,BLACK
151070396,3/9/16,464,JOSTLING,230,JOSTLING,PL 1652501,M,M,19,1,45-64,M,BLACK
151070316,3/9/16,567,"MARIJUANA, POSSESSION 4 & 5",235,DANGEROUS DRUGS,PL 2211001,M,B,47,0,25-44,M,BLACK
151072879,3/9/16,397,"ROBBERY,UNCLASSIFIED,OPEN AREAS",105,ROBBERY,PL 1601501,F,B,46,0,<18,M,BLACK HISPANIC
150955490,3/5/16,101,ASSAULT 3,344,ASSAULT 3 & RELATED OFFENSES,PL 1200001,M,B,42,0,25-44,M,BLACK
150855790,3/2/16,157,RAPE 1,104,RAPE,PL 1303501,F,M,25,0,25-44,M,BLACK
151142786,3/12/16,106,"ASSAULT 2,1,PEACE OFFICER",106,FELONY ASSAULT,PL 12005A3,F,M,6,1,18-24,F,BLACK
151030837,3/8/16,101,ASSAULT 3,344,ASSAULT 3 & RELATED OFFENSES,PL 1200001,M,B,40,0,45-64,M,BLACK
151039169,3/8/16,782,"WEAPONS, POSSESSION, ETC",236,DANGEROUS WEAPONS,PL 2650101,M,K,88,0,25-44,M,BLACK
151359575,3/19/16,567,"MARIJUANA, POSSESSION 4 & 5",235,DANGEROUS DRUGS,PL 2211001,M,K,70,0,18-24,M,WHITE
151200279,3/14/16,513,,,,PL 2207702,F,B,44,0,18-24,M,BLACK HISPANIC
151373059,3/20/16,793,WEAPONS POSSESSION 3,118,DANGEROUS WEAPONS,PL 2650201,F,K,67,0,18-24,M,BLACK
151126475,3/11/16,155,RAPE 2,104,RAPE,PL 1303001,F,K,84,0,18-24,M,BLACK
150816351,3/1/16,475,,,,PL 1651600,M,M,25,1,25-44,M,BLACK
150813247,3/1/16,203,"TRESPASS 3, CRIMINAL",352,CRIMINAL TRESPASS,PL 140100E,M,Q,113,0,<18,M,BLACK
151293569,3/17/16,175,"SEXUAL ABUSE 3,2",233,SEX CRIMES,PL 1305500,M,M,25,0,45-64,M,WHITE
151309932,3/18/16,523,SALE SCHOOL GROUNDS,117,DANGEROUS DRUGS,PL 2204401,F,M,14,0,25-44,M,WHITE HISPANIC
150946225,3/5/16,475,,,,PL 1651601,M,M,18,1,65+,M,WHITE HISPANIC
151308642,3/17/16,109,"ASSAULT 2,1,UNCLASSIFIED",106,FELONY ASSAULT,PL 1200502,F,B,44,0,45-64,F,BLACK
151137983,3/11/16,569,"MARIJUANA, SALE 4 & 5",235,DANGEROUS DRUGS,PL 2214000,M,K,75,0,<18,F,BLACK
151002328,3/7/16,106,"ASSAULT 2,1,PEACE OFFICER",106,FELONY ASSAULT,PL 1200800,F,K,70,0,<18,M,BLACK
151047646,3/9/16,513,,,,PL 2207702,F,B,44,0,18-24,M,WHITE HISPANIC
151173883,3/13/16,567,"MARIJUANA, POSSESSION 4 & 5",235,DANGEROUS DRUGS,PL 2211001,M,M,30,0,25-44,M,BLACK
151107727,3/11/16,793,WEAPONS POSSESSION 3,118,DANGEROUS WEAPONS,PL 2650201,F,M,6,0,<18,M,BLACK
151230080,3/15/16,109,"ASSAULT 2,1,UNCLASSIFIED",106,FELONY ASSAULT,PL 1200502,F,Q,115,0,45-64,F,BLACK
150835126,3/1/16,782,"WEAPONS, POSSESSION, ETC",236,DANGEROUS WEAPONS,PL 2650101,M,Q,105,0,25-44,M,BLACK
151304587,3/17/16,175,"SEXUAL ABUSE 3,2",233,FORCIBLE TOUCHING,PL 1305200,M,M,18,1,25-44,M,BLACK
150440419,2/17/16,739,IDENTITY THFT-2,112,THEFT-FRAUD,PL 1907901,F,S,121,0,25-44,F,BLACK
150402038,2/16/16,397,"ROBBERY,UNCLASSIFIED,OPEN AREAS",105,ROBBERY,PL 1601001,F,B,43,0,18-24,M,BLACK
150705345,2/26/16,792,WEAPONS POSSESSION 1 & 2,118,DANGEROUS WEAPONS,PL 265031B,F,K,81,0,18-24,M,BLACK
150560740,2/21/16,203,"TRESPASS 3, CRIMINAL",352,CRIMINAL TRESPASS,PL 140100E,M,M,23,0,45-64,F,BLACK
150475295,2/18/16,475,,,,PL 1651600,M,B,44,1,25-44,M,BLACK
150527744,2/20/16,515,"CONTROLLED SUBSTANCE,SALE 3",117,DANGEROUS DRUGS,PL 2203901,F,B,42,0,25-44,M,BLACK
150385339,2/15/16,707,"IMPERSONATION 2, PUBLIC SERVANT",340,FRAUDS,PL 1902300,M,M,25,0,25-44,M,BLACK
150489943,2/18/16,177,,,,PL 1306504,F,M,25,0,25-44,M,BLACK HISPANIC
150403408,2/16/16,157,RAPE 1,104,RAPE,PL 1303501,F,Q,114,0,25-44,M,WHITE HISPANIC
150440422,2/17/16,739,"FRAUD,UNCLASSIFIED-FELONY",112,THEFT-FRAUD,PL 1907900,F,S,121,0,25-44,F,BLACK
150768364,2/28/16,179,SEXUAL ABUSE 1,116,SEX CRIMES,PL 1306503,F,Q,112,0,25-44,M,WHITE HISPANIC
150727979,2/26/16,567,"MARIJUANA, POSSESSION 4 & 5",235,DANGEROUS DRUGS,PL 2211001,M,B,49,0,18-24,M,WHITE
150451365,2/17/16,475,,,,PL 1651601,M,M,26,1,45-64,M,BLACK
150701227,2/25/16,586,,,,PL 2303400,F,Q,105,0,25-44,M,BLACK
150658672,2/24/16,729,"FORGERY,ETC.,UNCLASSIFIED-FELONY",113,FORGERY,PL 1702500,F,K,70,0,18-24,M,BLACK
150600373,2/23/16,153,RAPE 3,104,RAPE,PL 1302503,F,B,48,0,<18,M,WHITE HISPANIC
150183520,2/8/16,729,"FORGERY,ETC.,UNCLASSIFIED-FELONY",113,FORGERY,PL 1751000,F,B,45,0,25-44,M,BLACK
150492971,2/18/16,729,"FORGERY,ETC.,UNCLASSIFIED-FELONY",113,FORGERY,PL 1701001,F,K,77,0,18-24,M,BLACK
150446881,2/17/16,105,STRANGULATION 1ST,106,FELONY ASSAULT,PL 1211200,F,S,121,0,65+,M,WHITE
150221063,2/9/16,101,ASSAULT 3,344,ASSAULT 3 & RELATED OFFENSES,PL 1200001,M,M,30,0,<18,M,BLACK
150169134,2/8/16,109,"ASSAULT 2,1,UNCLASSIFIED",106,FELONY ASSAULT,PL 1200501,F,S,120,0,45-64,M,BLACK
149967416,2/1/16,263,"ARSON 2,3,4",114,ARSON,PL 1501500,F,B,40,71,18-24,M,BLACK
150087751,2/4/16,515,"CONTROLLED SUBSTANCE,SALE 3",117,DANGEROUS DRUGS,PL 2203901,F,B,47,0,45-64,M,BLACK
149852142,1/28/16,101,ASSAULT 3,344,ASSAULT 3 & RELATED OFFENSES,PL 1200001,M,B,47,0,45-64,M,BLACK
149420755,1/15/16,155,RAPE 2,104,RAPE,PL 1303001,F,S,120,0,18-24,M,BLACK
149563737,1/20/16,205,"TRESPASS 2, CRIMINAL",352,CRIMINAL TRESPASS,PL 1401501,M,K,67,0,18-24,F,BLACK
149408382,1/15/16,739,IDENTITY THFT-1,112,THEFT-FRAUD,PL 1908001,F,K,79,0,25-44,M,BLACK
149774265,1/25/16,263,"ARSON 2,3,4",114,ARSON,PL 1500501,F,K,68,71,18-24,M,BLACK HISPANIC
149861154,1/28/16,153,RAPE 3,104,RAPE,PL 1302501,F,M,5,0,45-64,M,BLACK
149353247,1/14/16,475,,,,PL 1651600,M,B,40,0,25-44,M,BLACK HISPANIC
149801099,1/26/16,168,SODOMY 1,116,SEX CRIMES,PL 1305003,F,K,84,0,<18,M,BLACK
149833950,1/27/16,475,,,,PL 1651600,M,B,44,1,25-44,M,BLACK
149771042,1/25/16,153,RAPE 3,104,RAPE,PL 1302501,F,K,84,97,45-64,M,BLACK
149495024,1/18/16,729,"FORGERY,ETC.,UNCLASSIFIED-FELONY",113,FORGERY,PL 1702500,F,K,63,0,18-24,M,BLACK
149771048,1/25/16,164,SODOMY 3,116,SEX CRIMES,PL 1304001,F,K,84,97,45-64,M,BLACK
150071094,2/4/16,918,RECKLESS DRIVING,348,VEHICLE AND TRAFFIC LAWS,VTL1212000,M,Q,108,4,18-24,F,WHITE HISPANIC
149616402,1/21/16,109,"ASSAULT 2,1,UNCLASSIFIED",106,FELONY ASSAULT,PL 1200502,F,M,28,2,<18,F,BLACK
149895820,1/28/16,49,"US CODE,UNCLASSIFIED",995,F.C.A. P.I.N.O.S.,FOA9000049,,M,5,0,25-44,M,BLACK
149596938,1/21/16,109,"ASSAULT 2,1,UNCLASSIFIED",106,FELONY ASSAULT,PL 1200501,F,Q,105,0,45-64,M,BLACK
149860743,1/28/16,574,"PROSTITUTION,PERMITTING",234,PROSTITUTION & RELATED OFFENSES,PL 2304000,M,M,5,0,25-44,M,BLACK
150096329,2/4/16,397,"ROBBERY,UNCLASSIFIED,OPEN AREAS",105,ROBBERY,PL 1600500,F,M,14,0,25-44,M,WHITE
149909875,1/29/16,523,SALE SCHOOL GROUNDS,117,DANGEROUS DRUGS,PL 2204402,F,M,28,0,25-44,M,BLACK
149889728,1/29/16,114,OBSTR BREATH/CIRCUL,344,ASSAULT 3 & RELATED OFFENSES,PL 1211100,M,B,49,0,18-24,M,BLACK
149874425,1/28/16,101,ASSAULT 3,344,ASSAULT 3 & RELATED OFFENSES,PL 1200001,M,K,66,0,25-44,M,BLACK
149776216,1/25/16,511,"CONTROLLED SUBSTANCE, POSSESSION 7",235,DANGEROUS DRUGS,PL 2200300,M,K,73,0,45-64,M,BLACK
149103565,1/6/16,223,"BURGLARY,RESIDENCE,NIGHT",107,BURGLARY,PL 1402502,F,K,77,0,18-24,M,BLACK
149255189,1/11/16,569,"MARIJUANA, SALE 4 & 5",235,DANGEROUS DRUGS,PL 2214000,M,B,43,0,45-64,M,BLACK
149322262,1/13/16,157,RAPE 1,104,RAPE,PL 1303501,F,K,77,0,25-44,M,BLACK
149046233,1/4/16,665,,,,PL 4902001,F,Q,108,0,<18,M,WHITE HISPANIC
149053304,1/4/16,153,RAPE 3,104,RAPE,PL 1302502,F,Q,115,0,45-64,M,WHITE HISPANIC
148993548,1/2/16,223,"BURGLARY,RESIDENCE,NIGHT",107,BURGLARY,PL 1402502,F,K,75,0,18-24,M,BLACK
149103575,1/6/16,101,ASSAULT 3,344,ASSAULT 3 & RELATED OFFENSES,PL 1200001,M,M,19,0,25-44,M,BLACK
149330450,1/13/16,105,STRANGULATION 1ST,106,FELONY ASSAULT,PL 1211200,F,K,67,0,45-64,M,BLACK
149080395,1/5/16,157,RAPE 1,104,RAPE,PL 1303501,F,K,81,2,18-24,M,BLACK
149261387,1/11/16,727,"FORGERY,PRESCRIPTION",113,FORGERY,PL 1701005,F,K,63,0,18-24,M,BLACK
149153377,1/7/16,567,"MARIJUANA, POSSESSION 4 & 5",235,DANGEROUS DRUGS,PL 2211001,M,M,32,0,25-44,M,BLACK
149150480,1/7/16,567,"MARIJUANA, POSSESSION 4 & 5",235,DANGEROUS DRUGS,PL 2211001,M,B,52,0,25-44,M,BLACK
149205268,1/10/16,203,"TRESPASS 3, CRIMINAL",352,CRIMINAL TRESPASS,PL 1401000,M,B,40,2,45-64,M,BLACK
149180324,1/8/16,105,STRANGULATION 1ST,106,FELONY ASSAULT,PL 1211200,F,K,77,0,45-64,M,BLACK
149153335,1/7/16,586,,,,PL 2303400,F,B,52,0,25-44,F,BLACK
149216094,1/10/16,419,"LARCENY,GRAND FROM PERSON,UNCLASSIFIED",109,GRAND LARCENY,PL 1553005,F,K,60,0,45-64,M,BLACK
149190242,1/9/16,475,,,,PL 1651600,M,B,41,0,25-44,M,BLACK
149099599,1/6/16,105,STRANGULATION 1ST,106,FELONY ASSAULT,PL 1211200,F,K,67,0,18-24,M,BLACK